id,username,nickname,is_bot,segment,designed_messages,home_channel,verbosity,formality,technical,emoji,hostility,disclosure,help_seeking
200000000000000000,bold_quarry,"Bold Quarry",false,casual,9,support,0.48,0.09,0.17,0.73,0.00,0.37,0.29
200000000000000001,keen_wren,"Keen Wren",false,casual,1,general,0.40,0.20,0.10,0.80,0.11,0.30,0.17
200000000000000002,rapid_ivory,"Rapid Ivory",false,technical,5,support,0.59,0.57,0.95,0.14,0.14,0.22,0.18
200000000000000003,swift_ferry43,"Swift Ferry",false,technical,9,general,0.80,0.59,0.80,0.16,0.22,0.32,0.18
200000000000000004,bold_nettle39,"Bold Nettle",false,support-seeker,3,support,0.42,0.30,0.43,0.25,0.21,0.49,1.00
200000000000000005,lucidgable,"Lucid Gable",false,casual,3,general,0.30,0.21,0.16,0.94,0.20,0.28,0.12
200000000000000006,calmreed,"Calm Reed",false,support-seeker,6,general,0.45,0.36,0.35,0.07,0.25,0.49,1.00
200000000000000007,theomoreau,"Theo Moreau",false,support-seeker,2,general,0.41,0.39,0.46,0.09,0.11,0.63,0.94
200000000000000008,quietanvil,"Quiet Anvil",false,support-seeker,2,support,0.42,0.46,0.22,0.11,0.26,0.40,0.82
200000000000000009,julesberg,"Jules Berg",false,contrarian,20,general,0.70,0.28,0.54,0.01,0.74,0.16,0.02
200000000000000010,nimblekestrel,"Nimble Kestrel",false,lurker,3,general,0.28,0.18,0.27,0.33,0.00,0.09,0.23
200000000000000011,lucidanvil,"Lucid Anvil",false,support-seeker,2,general,0.35,0.35,0.49,0.08,0.28,0.64,1.00
200000000000000012,calmquarry,"Calm Quarry",false,casual,3,general,0.43,0.04,0.25,0.75,0.24,0.26,0.24
200000000000000013,rapid_quarry,"Rapid Quarry",false,casual,2,support,0.30,0.01,0.31,0.93,0.02,0.34,0.12
200000000000000014,jadeharbor47,"Jade Harbor",false,casual,9,support,0.48,0.06,0.21,0.92,0.12,0.47,0.07
200000000000000015,jade_pine,"Jade Pine",false,support-seeker,4,support,0.44,0.33,0.37,0.14,0.20,0.42,0.84
200000000000000016,calmpebble,"Calm Pebble",false,support-seeker,6,general,0.47,0.46,0.25,0.27,0.27,0.51,1.00
200000000000000017,nimblemeadow8,"Nimble Meadow",false,lurker,2,general,0.29,0.43,0.24,0.28,0.00,0.34,0.41
200000000000000018,zestygable88,"Zesty Gable",false,lurker,2,support,0.19,0.18,0.37,0.39,0.14,0.06,0.44
200000000000000019,ember_anvil47,"Ember Anvil",false,lurker,2,general,0.30,0.24,0.38,0.22,0.04,0.35,0.36
200000000000000020,duskanvil,"Dusk Anvil",false,contrarian,7,general,0.59,0.26,0.60,0.22,0.77,0.28,0.07
200000000000000021,umberpebble,"Umber Pebble",false,support-seeker,7,support,0.65,0.28,0.26,0.34,0.19,0.51,1.00
200000000000000022,theolindqvist,"Theo Lindqvist",false,casual,2,general,0.21,0.05,0.16,0.75,0.07,0.38,0.31
200000000000000023,raviito21,"Ravi Ito",false,technical,15,general,0.63,0.35,0.96,0.00,0.05,0.27,0.15
200000000000000024,pavelk37,"Pavel K",false,contrarian,9,general,0.72,0.18,0.58,0.06,0.73,0.18,0.14
200000000000000025,swift_vellum19,"Swift Vellum",false,contrarian,6,support,0.50,0.37,0.56,0.24,0.65,0.13,0.19
200000000000000026,jade_juniper42,"Jade Juniper",false,contrarian,4,general,0.56,0.15,0.40,0.23,0.74,0.12,0.00
200000000000000027,quietwren,"Quiet Wren",false,technical,3,general,0.68,0.50,0.76,0.23,0.05,0.22,0.37
200000000000000028,swift_anvil,"Swift Anvil",false,contrarian,3,support,0.57,0.25,0.40,0.02,0.76,0.20,0.02
200000000000000029,jadekestrel,"Jade Kestrel",false,burnout,3,support,0.66,0.33,0.36,0.06,0.22,0.95,0.55
200000000000000030,keenotter,"Keen Otter",false,burnout,4,general,0.68,0.21,0.29,0.14,0.06,0.94,0.27
200000000000000031,plainotter,"Plain Otter",false,contrarian,1,general,0.47,0.35,0.52,0.13,0.73,0.14,0.23
200000000000000032,faintwren98,"Faint Wren",false,casual,2,general,0.36,0.13,0.29,0.78,0.14,0.45,0.35
200000000000000033,talianovak,"Talia Novak",false,technical,12,general,0.84,0.53,0.77,0.03,0.19,0.15,0.44
200000000000000034,vividsummit,"Vivid Summit",false,contrarian,13,general,0.73,0.26,0.59,0.22,0.88,0.11,0.09
200000000000000035,faint_nettle,"Faint Nettle",false,support-seeker,13,general,0.58,0.30,0.31,0.33,0.01,0.46,1.00
200000000000000036,nimblegable,"Nimble Gable",false,support-seeker,6,support,0.54,0.48,0.36,0.13,0.27,0.52,0.90
200000000000000037,clevercobalt,"Clever Cobalt",false,support-seeker,10,support,0.55,0.32,0.38,0.33,0.23,0.38,1.00
200000000000000038,lucidsummit82,"Lucid Summit",false,technical,5,general,0.78,0.60,0.88,0.09,0.16,0.14,0.18
200000000000000039,rusttundra12,"Rust Tundra",false,casual,4,support,0.27,0.16,0.23,0.75,0.21,0.53,0.25
200000000000000040,dusk_gable,"Dusk Gable",false,technical,5,support,0.75,0.49,0.86,0.04,0.13,0.16,0.38
200000000000000041,opalpine4,"Opal Pine",false,support-seeker,9,general,0.60,0.49,0.45,0.32,0.19,0.42,1.00
200000000000000042,opalthistle83,"Opal Thistle",false,casual,3,support,0.27,0.22,0.22,0.65,0.18,0.46,0.29
200000000000000043,zestylantern,"Zesty Lantern",false,lurker,2,support,0.35,0.21,0.28,0.28,0.00,0.07,0.38
200000000000000044,tidy_lattice,"Tidy Lattice",false,casual,3,support,0.25,0.13,0.33,0.81,0.22,0.30,0.17
200000000000000045,slate_marlin,"Slate Marlin",false,casual,3,general,0.24,0.24,0.17,0.70,0.00,0.44,0.19
200000000000000046,novapetrov,"Nova Petrov",false,casual,6,general,0.33,0.29,0.07,0.70,0.09,0.45,0.08
200000000000000047,diegoito,"Diego Ito",false,support-seeker,2,general,0.64,0.40,0.49,0.21,0.24,0.61,0.98
200000000000000048,hollow_meadow,"Hollow Meadow",false,support-seeker,7,support,0.58,0.37,0.28,0.35,0.03,0.46,0.84
200000000000000049,duskwillow99,"Dusk Willow",false,support-seeker,7,general,0.52,0.46,0.46,0.10,0.25,0.59,1.00
200000000000000050,devonhaddad,"Devon Haddad",false,technical,8,general,0.83,0.41,0.92,0.00,0.08,0.34,0.22
200000000000000051,idlepine23,"Idle Pine",false,casual,4,support,0.43,0.01,0.34,0.83,0.11,0.26,0.16
200000000000000052,elintanaka18,"Elin Tanaka",false,casual,3,support,0.34,0.05,0.26,0.72,0.13,0.47,0.17
200000000000000053,rapidferry75,"Rapid Ferry",false,contrarian,3,general,0.60,0.34,0.56,0.14,0.61,0.09,0.07
200000000000000054,umberkestrel77,"Umber Kestrel",false,technical,11,general,0.80,0.63,0.85,0.00,0.07,0.28,0.21
200000000000000055,nimblenettle,"Nimble Nettle",false,casual,3,general,0.36,0.24,0.15,0.80,0.04,0.45,0.23
200000000000000056,lucidkettle,"Lucid Kettle",false,technical,5,support,0.75,0.51,0.78,0.04,0.05,0.17,0.20
200000000000000057,casslindqvist40,"Cass Lindqvist",false,contrarian,3,general,0.67,0.16,0.61,0.00,0.66,0.09,0.14
200000000000000058,brunosilva,"Bruno Silva",false,support-seeker,12,support,0.64,0.49,0.37,0.09,0.15,0.39,0.90
200000000000000059,idleorchid,"Idle Orchid",false,lurker,3,general,0.25,0.22,0.35,0.34,0.00,0.12,0.15
200000000000000060,amberferry,"Amber Ferry",false,contrarian,6,general,0.68,0.22,0.52,0.12,0.64,0.33,0.02
200000000000000061,keen_willow,"Keen Willow",false,contrarian,5,general,0.60,0.20,0.39,0.06,0.79,0.23,0.21
200000000000000062,cleverkestrel,"Clever Kestrel",false,burnout,5,general,0.57,0.15,0.49,0.07,0.20,0.77,0.28
200000000000000063,keenthistle,"Keen Thistle",false,support-seeker,5,general,0.64,0.23,0.46,0.13,0.12,0.56,0.88
200000000000000064,vividkestrel99,"Vivid Kestrel",false,burnout,4,general,0.57,0.16,0.32,0.19,0.19,0.78,0.49
200000000000000065,rheatanaka,"Rhea Tanaka",false,support-seeker,3,general,0.46,0.20,0.50,0.23,0.26,0.52,1.00
200000000000000066,lucid_cobalt,"Lucid Cobalt",false,support-seeker,3,general,0.53,0.23,0.32,0.05,0.14,0.53,0.88
200000000000000067,tidylattice78,"Tidy Lattice",false,casual,3,support,0.20,0.27,0.19,0.76,0.06,0.25,0.06
200000000000000068,umberkestrel,"Umber Kestrel",false,casual,6,general,0.42,0.11,0.09,0.68,0.19,0.34,0.25
200000000000000069,opal_pine,"Opal Pine",false,technical,4,general,0.68,0.46,0.91,0.20,0.10,0.25,0.43
200000000000000070,brisk_nettle92,"Brisk Nettle",false,technical,18,general,0.80,0.40,0.76,0.11,0.07,0.27,0.24
200000000000000071,zestyanvil60,"Zesty Anvil",false,support-seeker,6,general,0.46,0.46,0.28,0.25,0.04,0.53,0.94
200000000000000072,clever_kettle,"Clever Kettle",false,technical,14,general,0.71,0.46,0.85,0.19,0.17,0.22,0.36
200000000000000073,noorito,"Noor Ito",false,support-seeker,6,general,0.49,0.28,0.28,0.23,0.08,0.44,1.00
200000000000000074,plain_nettle,"Plain Nettle",false,casual,2,general,0.22,0.18,0.24,0.91,0.05,0.28,0.12
200000000000000075,omarkessler,"Omar Kessler",false,lurker,2,support,0.09,0.42,0.18,0.36,0.05,0.21,0.19
200000000000000076,jade_kettle,"Jade Kettle",false,casual,1,general,0.45,0.27,0.35,0.81,0.07,0.38,0.11
200000000000000077,arcticpebble,"Arctic Pebble",false,support-seeker,3,support,0.45,0.29,0.43,0.11,0.21,0.56,0.82
200000000000000078,nimblekettle,"Nimble Kettle",false,casual,3,general,0.40,0.08,0.06,0.83,0.15,0.31,0.09
200000000000000079,umber_otter,"Umber Otter",false,casual,4,general,0.23,0.04,0.27,0.70,0.07,0.35,0.29
200000000000000080,boldbadger,"Bold Badger",false,casual,4,general,0.40,0.14,0.28,0.66,0.18,0.40,0.19
200000000000000081,novacosta,"Nova Costa",false,casual,8,general,0.31,0.13,0.14,0.81,0.07,0.37,0.22
200000000000000082,brisk_yarrow,"Brisk Yarrow",false,burnout,3,support,0.41,0.11,0.28,0.22,0.20,1.00,0.50
200000000000000083,opalotter25,"Opal Otter",false,casual,3,support,0.45,0.07,0.31,0.79,0.11,0.50,0.26
200000000000000084,julesk,"Jules K",false,technical,16,support,0.84,0.57,0.92,0.13,0.18,0.32,0.17
200000000000000085,pavelk,"Pavel K",false,burnout,4,support,0.45,0.34,0.54,0.07,0.23,1.00,0.41
200000000000000086,rapidorchid,"Rapid Orchid",false,support-seeker,14,general,0.42,0.48,0.42,0.19,0.14,0.41,0.96
200000000000000087,malikpetrov80,"Malik Petrov",false,support-seeker,3,general,0.44,0.48,0.30,0.21,0.08,0.65,1.00
200000000000000088,glad_gable,"Glad Gable",false,contrarian,4,support,0.65,0.42,0.49,0.16,0.87,0.14,0.03
200000000000000089,gladjuniper,"Glad Juniper",false,contrarian,2,general,0.74,0.33,0.57,0.04,0.82,0.25,0.19
200000000000000090,nimble_cinder,"Nimble Cinder",false,technical,10,general,0.73,0.39,0.76,0.13,0.19,0.30,0.43
200000000000000091,idle_lantern20,"Idle Lantern",false,lurker,1,support,0.33,0.36,0.28,0.29,0.18,0.08,0.37
200000000000000092,omarnovak,"Omar Novak",false,lurker,2,support,0.20,0.17,0.35,0.36,0.21,0.23,0.37
200000000000000093,calmmarlin,"Calm Marlin",false,casual,5,general,0.24,0.21,0.32,0.78,0.21,0.35,0.27
200000000000000094,wrynettle56,"Wry Nettle",false,lurker,2,general,0.27,0.19,0.22,0.38,0.00,0.34,0.25
200000000000000095,bold_ferry,"Bold Ferry",false,support-seeker,5,general,0.48,0.29,0.35,0.30,0.02,0.41,0.89
200000000000000096,mellowsummit,"Mellow Summit",false,contrarian,6,support,0.49,0.39,0.38,0.02,0.81,0.30,0.19
200000000000000097,rust_harbor,"Rust Harbor",false,casual,9,support,0.49,0.16,0.32,0.77,0.02,0.55,0.15
200000000000000098,mellow_lantern27,"Mellow Lantern",false,support-seeker,17,general,0.61,0.46,0.28,0.06,0.11,0.52,1.00
200000000000000099,tidyvellum,"Tidy Vellum",false,contrarian,3,general,0.55,0.25,0.49,0.07,0.65,0.35,0.07
200000000000000100,tidymeadow,"Tidy Meadow",false,support-seeker,7,general,0.47,0.50,0.25,0.06,0.10,0.42,1.00
200000000000000101,zestycobalt12,"Zesty Cobalt",false,support-seeker,2,general,0.54,0.23,0.27,0.19,0.16,0.58,0.97
200000000000000102,emberquarry,"Ember Quarry",false,technical,4,support,0.57,0.57,0.85,0.15,0.17,0.22,0.39
200000000000000103,elinsilva,"Elin Silva",false,support-seeker,3,general,0.38,0.34,0.21,0.24,0.04,0.55,1.00
200000000000000104,juleslindqvist,"Jules Lindqvist",false,casual,6,general,0.35,0.02,0.22,0.66,0.18,0.55,0.13
200000000000000105,jade_orchid85,"Jade Orchid",false,casual,2,support,0.25,0.22,0.29,0.92,0.21,0.26,0.30
200000000000000106,briskkettle,"Brisk Kettle",false,lurker,2,support,0.11,0.26,0.39,0.38,0.25,0.08,0.18
200000000000000107,dusk_yarrow88,"Dusk Yarrow",false,casual,4,support,0.41,0.14,0.11,0.81,0.19,0.43,0.06
200000000000000108,emberyarrow,"Ember Yarrow",false,burnout,4,general,0.44,0.31,0.51,0.05,0.18,0.87,0.25
200000000000000109,mellow_kettle,"Mellow Kettle",false,contrarian,3,general,0.66,0.43,0.52,0.23,0.70,0.27,0.13
200000000000000110,gladnettle89,"Glad Nettle",false,support-seeker,6,general,0.39,0.49,0.26,0.23,0.28,0.46,0.95
200000000000000111,amberwren,"Amber Wren",false,burnout,6,general,0.40,0.33,0.47,0.24,0.29,0.93,0.42
200000000000000112,rapidlattice,"Rapid Lattice",false,technical,2,support,0.77,0.40,0.89,0.19,0.06,0.16,0.19
200000000000000113,slate_gable,"Slate Gable",false,support-seeker,7,support,0.42,0.31,0.25,0.14,0.11,0.41,0.98
200000000000000114,tomaslindqvist,"Tomas Lindqvist",false,burnout,3,general,0.60,0.17,0.39,0.11,0.18,0.83,0.48
200000000000000115,ambercinder,"Amber Cinder",false,burnout,3,general,0.56,0.28,0.51,0.20,0.07,0.93,0.39
200000000000000116,vivid_pebble,"Vivid Pebble",false,support-seeker,5,support,0.40,0.27,0.30,0.28,0.22,0.42,0.93
200000000000000117,vivid_meadow,"Vivid Meadow",false,technical,8,general,0.66,0.64,0.85,0.12,0.00,0.17,0.40
200000000000000118,amber_orchid,"Amber Orchid",false,support-seeker,10,support,0.57,0.42,0.27,0.22,0.05,0.35,1.00
200000000000000119,malikokafor88,"Malik Okafor",false,burnout,8,general,0.60,0.14,0.41,0.04,0.27,0.87,0.27
200000000000000120,faint_kettle,"Faint Kettle",false,casual,1,general,0.47,0.22,0.24,0.89,0.00,0.39,0.28
200000000000000121,yukisilva,"Yuki Silva",false,lurker,2,general,0.14,0.44,0.28,0.27,0.00,0.27,0.36
200000000000000122,priyawhitfield,"Priya Whitfield",false,technical,5,support,0.74,0.47,0.86,0.21,0.00,0.11,0.36
200000000000000123,clever_thistle,"Clever Thistle",false,casual,3,general,0.39,0.22,0.17,0.67,0.00,0.34,0.23
200000000000000124,opalmeadow,"Opal Meadow",false,burnout,12,general,0.64,0.10,0.35,0.23,0.21,0.89,0.31
200000000000000125,plainkestrel,"Plain Kestrel",false,lurker,1,support,0.23,0.37,0.19,0.39,0.14,0.28,0.29
200000000000000126,plainvellum,"Plain Vellum",false,technical,5,general,0.79,0.65,1.00,0.21,0.00,0.18,0.42
200000000000000127,marakessler,"Mara Kessler",false,burnout,3,general,0.44,0.28,0.39,0.01,0.32,0.85,0.31
200000000000000128,bold_reed,"Bold Reed",false,casual,7,general,0.28,0.21,0.25,0.71,0.12,0.52,0.18
200000000000000129,zestytundra,"Zesty Tundra",false,casual,3,support,0.49,0.28,0.10,0.94,0.13,0.45,0.25
200000000000000130,priyasilva2,"Priya Silva",false,support-seeker,8,general,0.63,0.30,0.21,0.27,0.10,0.43,1.00
200000000000000131,arctic_pebble,"Arctic Pebble",false,technical,8,general,0.63,0.56,0.93,0.00,0.12,0.17,0.32
200000000000000132,quietcobalt,"Quiet Cobalt",false,lurker,1,general,0.13,0.41,0.15,0.30,0.05,0.14,0.18
200000000000000133,plain_orchid,"Plain Orchid",false,casual,2,general,0.28,0.20,0.18,0.82,0.19,0.55,0.30
200000000000000134,opal_quarry36,"Opal Quarry",false,burnout,4,support,0.69,0.21,0.52,0.07,0.29,0.93,0.45
200000000000000135,boldorchid,"Bold Orchid",false,technical,3,general,0.72,0.43,1.00,0.22,0.08,0.27,0.28
200000000000000136,dusk_pine,"Dusk Pine",false,burnout,3,general,0.61,0.23,0.45,0.19,0.07,1.00,0.41
200000000000000137,swift_reed,"Swift Reed",false,casual,4,general,0.38,0.14,0.22,0.93,0.00,0.37,0.17
200000000000000138,calm_tundra,"Calm Tundra",false,lurker,2,support,0.13,0.25,0.43,0.29,0.24,0.14,0.18
200000000000000139,arctic_vellum32,"Arctic Vellum",false,lurker,2,support,0.06,0.44,0.15,0.34,0.06,0.20,0.24
200000000000000140,keencobalt75,"Keen Cobalt",false,casual,5,general,0.37,0.17,0.17,0.85,0.00,0.25,0.27
200000000000000141,amber_juniper20,"Amber Juniper",false,casual,5,general,0.23,0.07,0.32,0.65,0.08,0.34,0.24
200000000000000142,rhealindqvist,"Rhea Lindqvist",false,casual,3,general,0.33,0.08,0.33,0.80,0.21,0.39,0.18
200000000000000143,brunolindqvist29,"Bruno Lindqvist",false,lurker,2,general,0.09,0.18,0.31,0.37,0.04,0.18,0.42
200000000000000144,hollowjuniper,"Hollow Juniper",false,burnout,2,general,0.60,0.39,0.45,0.01,0.16,0.87,0.51
200000000000000145,jadewren80,"Jade Wren",false,casual,2,general,0.29,0.23,0.25,0.69,0.16,0.39,0.16
200000000000000146,hollow_cobalt,"Hollow Cobalt",false,lurker,1,general,0.34,0.18,0.43,0.18,0.15,0.33,0.20
200000000000000147,priyanovak,"Priya Novak",false,casual,2,general,0.32,0.19,0.22,0.90,0.04,0.37,0.22
200000000000000148,gladreed39,"Glad Reed",false,contrarian,4,general,0.60,0.16,0.56,0.09,0.76,0.11,0.25
200000000000000149,wry_vellum47,"Wry Vellum",false,support-seeker,8,support,0.47,0.45,0.45,0.20,0.20,0.64,0.80
200000000000000150,julespetrov,"Jules Petrov",false,technical,5,general,0.83,0.36,0.82,0.10,0.03,0.13,0.38
200000000000000151,faintferry,"Faint Ferry",false,lurker,2,support,0.20,0.33,0.16,0.26,0.25,0.07,0.38
200000000000000152,rapidyarrow,"Rapid Yarrow",false,lurker,3,general,0.30,0.28,0.25,0.43,0.21,0.08,0.31
200000000000000153,quietotter33,"Quiet Otter",false,support-seeker,3,general,0.41,0.25,0.44,0.28,0.19,0.44,0.97
200000000000000154,faintreed,"Faint Reed",false,support-seeker,2,general,0.42,0.20,0.42,0.14,0.07,0.55,0.80
200000000000000155,quietotter,"Quiet Otter",false,technical,5,general,0.74,0.38,0.76,0.06,0.08,0.28,0.43
200000000000000156,duskwren,"Dusk Wren",false,contrarian,5,general,0.61,0.19,0.61,0.00,0.64,0.28,0.00
200000000000000157,amber_pebble,"Amber Pebble",false,burnout,2,general,0.45,0.16,0.36,0.17,0.27,0.89,0.28
200000000000000158,cleverwillow79,"Clever Willow",false,technical,4,general,0.60,0.39,0.85,0.20,0.13,0.08,0.40
200000000000000159,vividkettle,"Vivid Kettle",false,support-seeker,5,general,0.48,0.49,0.22,0.23,0.27,0.43,1.00
200000000000000160,quiet_willow,"Quiet Willow",false,support-seeker,3,general,0.60,0.44,0.47,0.23,0.19,0.55,0.90
200000000000000161,calmlantern78,"Calm Lantern",false,support-seeker,2,general,0.53,0.22,0.35,0.28,0.01,0.44,0.96
200000000000000162,arcticthistle49,"Arctic Thistle",false,lurker,3,general,0.31,0.36,0.16,0.43,0.02,0.25,0.25
200000000000000163,julespetrov18,"Jules Petrov",false,burnout,3,general,0.68,0.24,0.28,0.27,0.11,1.00,0.33
200000000000000164,keenivory71,"Keen Ivory",false,lurker,1,general,0.14,0.24,0.21,0.41,0.22,0.30,0.15
200000000000000165,maliktanaka,"Malik Tanaka",false,lurker,1,general,0.29,0.17,0.38,0.20,0.03,0.11,0.16
200000000000000166,bold_summit,"Bold Summit",false,technical,3,general,0.58,0.50,0.76,0.13,0.12,0.19,0.42
200000000000000167,dusk_tundra,"Dusk Tundra",false,casual,6,support,0.25,0.21,0.32,0.93,0.04,0.27,0.32
200000000000000168,rustquarry73,"Rust Quarry",false,casual,7,support,0.49,0.21,0.29,0.72,0.05,0.32,0.23
200000000000000169,idleharbor,"Idle Harbor",false,lurker,1,general,0.16,0.39,0.37,0.31,0.17,0.31,0.21
200000000000000170,cleverharbor,"Clever Harbor",false,support-seeker,5,general,0.64,0.26,0.22,0.28,0.03,0.39,0.94
200000000000000171,boldlantern26,"Bold Lantern",false,lurker,3,general,0.29,0.43,0.41,0.30,0.00,0.09,0.39
200000000000000172,zestyivory,"Zesty Ivory",false,casual,4,general,0.36,0.25,0.15,0.69,0.11,0.44,0.24
200000000000000173,jadekestrel90,"Jade Kestrel",false,casual,7,general,0.41,0.29,0.22,0.84,0.08,0.35,0.34
200000000000000174,idlequarry,"Idle Quarry",false,support-seeker,6,support,0.56,0.30,0.47,0.30,0.27,0.62,1.00
200000000000000175,malikberg,"Malik Berg",false,burnout,2,support,0.46,0.31,0.55,0.07,0.33,1.00,0.26
200000000000000176,lenaraman,"Lena Raman",false,casual,2,general,0.49,0.05,0.21,0.85,0.07,0.32,0.32
200000000000000177,umber_lantern,"Umber Lantern",false,casual,5,general,0.50,0.27,0.28,0.95,0.00,0.33,0.34
200000000000000178,slatemarlin,"Slate Marlin",false,casual,3,general,0.35,0.03,0.28,0.93,0.16,0.31,0.16
200000000000000179,zaracosta7,"Zara Costa",false,lurker,2,general,0.21,0.20,0.31,0.27,0.15,0.25,0.25
200000000000000180,jadekettle,"Jade Kettle",false,casual,7,support,0.39,0.16,0.19,0.75,0.11,0.43,0.31
200000000000000181,frost_kestrel,"Frost Kestrel",false,contrarian,5,general,0.68,0.30,0.60,0.12,0.88,0.32,0.15
200000000000000182,quietreed,"Quiet Reed",false,casual,3,general,0.33,0.18,0.10,0.65,0.19,0.28,0.08
200000000000000183,marar,"Mara R",false,casual,4,general,0.31,0.05,0.21,0.81,0.00,0.35,0.26
200000000000000184,hollowsummit,"Hollow Summit",false,support-seeker,3,support,0.43,0.48,0.44,0.13,0.09,0.49,0.90
200000000000000185,samhaddad,"Sam Haddad",false,casual,3,general,0.50,0.03,0.11,0.84,0.12,0.55,0.21
200000000000000186,boldnettle,"Bold Nettle",false,support-seeker,3,general,0.44,0.47,0.21,0.16,0.27,0.39,1.00
200000000000000187,wry_lantern57,"Wry Lantern",false,lurker,3,general,0.21,0.43,0.23,0.27,0.12,0.31,0.44
200000000000000188,priyapetrov,"Priya Petrov",false,casual,4,general,0.24,0.29,0.15,0.83,0.06,0.41,0.25
200000000000000189,quietlantern30,"Quiet Lantern",false,burnout,9,general,0.45,0.26,0.37,0.17,0.17,0.98,0.47
200000000000000190,malikr,"Malik R",false,casual,4,general,0.33,0.16,0.18,0.79,0.08,0.33,0.34
200000000000000191,rustbadger,"Rust Badger",false,contrarian,5,general,0.63,0.39,0.47,0.19,0.66,0.24,0.23
200000000000000192,vividorchid,"Vivid Orchid",false,casual,5,general,0.28,0.13,0.10,0.79,0.23,0.46,0.10
200000000000000193,ambercobalt,"Amber Cobalt",false,lurker,4,general,0.17,0.38,0.44,0.25,0.02,0.27,0.33
200000000000000194,vividlattice,"Vivid Lattice",false,casual,3,general,0.47,0.12,0.06,0.92,0.24,0.43,0.15
200000000000000195,cleverzephyr,"Clever Zephyr",false,casual,7,general,0.48,0.29,0.08,0.66,0.00,0.30,0.08
200000000000000196,mellowbadger,"Mellow Badger",false,support-seeker,8,support,0.46,0.39,0.33,0.18,0.09,0.49,1.00
200000000000000197,clevergable,"Clever Gable",false,support-seeker,14,support,0.61,0.33,0.40,0.10,0.05,0.45,1.00
200000000000000198,novaraman,"Nova Raman",false,technical,5,general,0.70,0.64,0.85,0.23,0.00,0.08,0.37
200000000000000199,elinraman,"Elin Raman",false,technical,5,general,0.63,0.41,0.77,0.00,0.00,0.27,0.35
200000000000000200,frost_willow,"Frost Willow",false,technical,4,general,0.83,0.52,0.88,0.09,0.00,0.06,0.33
200000000000000201,opal_kettle,"Opal Kettle",false,lurker,3,general,0.20,0.40,0.22,0.40,0.21,0.06,0.20
200000000000000202,kestrelraman,"Kestrel Raman",false,support-seeker,7,support,0.52,0.41,0.33,0.31,0.09,0.45,0.99
200000000000000203,opalgable,"Opal Gable",false,contrarian,5,general,0.66,0.35,0.45,0.06,0.74,0.35,0.11
200000000000000204,rapidjuniper,"Rapid Juniper",false,contrarian,2,general,0.58,0.18,0.53,0.13,0.86,0.34,0.00
200000000000000205,plain_cobalt,"Plain Cobalt",false,contrarian,4,general,0.64,0.33,0.57,0.24,0.75,0.29,0.08
200000000000000206,priyahaddad,"Priya Haddad",false,technical,5,general,0.57,0.59,0.82,0.18,0.16,0.14,0.34
200000000000000207,zesty_harbor82,"Zesty Harbor",false,lurker,4,support,0.19,0.41,0.39,0.43,0.15,0.25,0.32
200000000000000208,priyakessler,"Priya Kessler",false,support-seeker,2,support,0.38,0.29,0.49,0.28,0.26,0.40,0.94
200000000000000209,vividgable,"Vivid Gable",false,casual,1,support,0.21,0.17,0.22,0.76,0.22,0.51,0.13
200000000000000210,keenjuniper,"Keen Juniper",false,lurker,4,support,0.18,0.23,0.28,0.29,0.02,0.22,0.31
200000000000000211,amber_vellum,"Amber Vellum",false,lurker,1,general,0.08,0.30,0.37,0.29,0.20,0.25,0.31
200000000000000212,slateanvil,"Slate Anvil",false,lurker,2,support,0.30,0.39,0.26,0.17,0.20,0.32,0.41
200000000000000213,idle_pine60,"Idle Pine",false,casual,3,support,0.49,0.23,0.35,0.70,0.21,0.46,0.18
200000000000000214,nimble_kettle,"Nimble Kettle",false,casual,4,general,0.40,0.29,0.31,0.70,0.03,0.41,0.25
200000000000000215,arcticotter,"Arctic Otter",false,burnout,6,support,0.46,0.27,0.31,0.22,0.27,1.00,0.25
200000000000000216,hollow_marlin,"Hollow Marlin",false,technical,12,general,0.61,0.38,0.79,0.06,0.19,0.16,0.29
200000000000000217,nimble_ivory,"Nimble Ivory",false,lurker,2,support,0.10,0.41,0.33,0.38,0.07,0.06,0.42
200000000000000218,opalreed,"Opal Reed",false,support-seeker,7,general,0.36,0.41,0.23,0.27,0.04,0.42,0.89
200000000000000219,calmwren,"Calm Wren",false,lurker,6,support,0.12,0.20,0.24,0.43,0.08,0.31,0.22
200000000000000220,maraw,"Mara W",false,casual,5,support,0.43,0.02,0.28,0.86,0.07,0.48,0.10
200000000000000221,hanar,"Hana R",false,casual,2,support,0.22,0.22,0.32,0.73,0.08,0.53,0.18
200000000000000222,vividwillow,"Vivid Willow",false,burnout,4,general,0.47,0.23,0.38,0.23,0.34,0.96,0.27
200000000000000223,brisk_ivory,"Brisk Ivory",false,casual,7,general,0.43,0.07,0.13,0.82,0.09,0.25,0.33
200000000000000224,mellow_nettle,"Mellow Nettle",false,support-seeker,2,general,0.37,0.42,0.36,0.32,0.20,0.58,0.86
200000000000000225,nimblecobalt,"Nimble Cobalt",false,contrarian,7,general,0.57,0.15,0.38,0.22,0.66,0.29,0.24
200000000000000226,plain_cinder71,"Plain Cinder",false,lurker,3,general,0.27,0.44,0.44,0.32,0.21,0.32,0.24
200000000000000227,arcticyarrow,"Arctic Yarrow",false,burnout,4,support,0.64,0.10,0.51,0.16,0.31,0.79,0.45
200000000000000228,lucidcobalt,"Lucid Cobalt",false,burnout,6,general,0.64,0.25,0.49,0.04,0.18,0.78,0.43
200000000000000229,swiftkettle,"Swift Kettle",false,technical,42,general,0.79,0.48,0.91,0.03,0.04,0.33,0.21
200000000000000230,rapidivory,"Rapid Ivory",false,casual,4,general,0.26,0.29,0.30,0.85,0.17,0.35,0.32
200000000000000231,taliatanaka,"Talia Tanaka",false,burnout,2,general,0.45,0.26,0.33,0.27,0.17,0.99,0.35
200000000000000232,nimble_harbor,"Nimble Harbor",false,support-seeker,4,general,0.43,0.47,0.35,0.07,0.20,0.43,0.92
200000000000000233,maliknovak96,"Malik Novak",false,casual,9,support,0.49,0.04,0.14,0.69,0.18,0.51,0.09
200000000000000234,vivid_ivory,"Vivid Ivory",false,burnout,6,support,0.67,0.27,0.27,0.04,0.24,0.81,0.31
200000000000000235,ember_yarrow51,"Ember Yarrow",false,technical,4,general,0.62,0.49,0.81,0.06,0.22,0.19,0.34
200000000000000236,wrycobalt,"Wry Cobalt",false,casual,4,general,0.36,0.05,0.09,0.68,0.01,0.52,0.30
200000000000000237,slategable,"Slate Gable",false,support-seeker,4,general,0.35,0.41,0.20,0.05,0.10,0.41,1.00
200000000000000238,freyacosta56,"Freya Costa",false,technical,2,general,0.82,0.42,0.88,0.12,0.19,0.24,0.41
200000000000000239,ineslindqvist,"Ines Lindqvist",false,support-seeker,3,general,0.46,0.28,0.45,0.24,0.17,0.49,1.00
200000000000000240,tidy_badger,"Tidy Badger",false,lurker,3,general,0.20,0.26,0.35,0.23,0.15,0.21,0.44
200000000000000241,kestrelberg,"Kestrel Berg",false,support-seeker,4,general,0.43,0.29,0.46,0.26,0.17,0.64,1.00
200000000000000242,amberjuniper96,"Amber Juniper",false,support-seeker,5,support,0.65,0.40,0.23,0.27,0.28,0.43,1.00
200000000000000243,quietmeadow,"Quiet Meadow",false,technical,6,general,0.62,0.53,0.87,0.06,0.21,0.32,0.26
200000000000000244,cassokafor,"Cass Okafor",false,casual,3,support,0.49,0.08,0.30,0.85,0.02,0.44,0.05
200000000000000245,rheasilva,"Rhea Silva",false,casual,4,general,0.49,0.15,0.20,0.87,0.10,0.35,0.15
200000000000000246,opaltundra,"Opal Tundra",false,technical,4,support,0.73,0.64,1.00,0.08,0.10,0.26,0.20
200000000000000247,emberwren,"Ember Wren",false,casual,2,general,0.49,0.15,0.33,0.70,0.18,0.44,0.29
200000000000000248,frostwren,"Frost Wren",false,casual,4,support,0.28,0.18,0.24,0.70,0.20,0.35,0.07
200000000000000249,zesty_marlin,"Zesty Marlin",false,casual,11,general,0.21,0.21,0.21,0.86,0.00,0.40,0.06
200000000000000250,omarr,"Omar R",false,casual,4,general,0.22,0.18,0.29,0.89,0.05,0.28,0.28
200000000000000251,lucidthistle66,"Lucid Thistle",false,casual,7,general,0.42,0.20,0.32,0.87,0.08,0.44,0.14
200000000000000252,umbercobalt,"Umber Cobalt",false,casual,7,general,0.36,0.05,0.07,0.80,0.09,0.45,0.35
200000000000000253,quiet_gable,"Quiet Gable",false,technical,5,general,0.82,0.42,1.00,0.19,0.14,0.06,0.44
200000000000000254,samkessler24,"Sam Kessler",false,casual,3,support,0.32,0.15,0.12,0.73,0.20,0.37,0.23
200000000000000255,lucidwren,"Lucid Wren",false,lurker,3,general,0.19,0.20,0.45,0.19,0.14,0.25,0.39
200000000000000256,elincosta,"Elin Costa",false,lurker,4,support,0.08,0.30,0.17,0.17,0.18,0.16,0.28
200000000000000257,hollow_gable,"Hollow Gable",false,casual,11,general,0.25,0.11,0.21,0.83,0.09,0.48,0.12
200000000000000258,slate_badger46,"Slate Badger",false,contrarian,7,general,0.49,0.29,0.56,0.18,0.61,0.23,0.19
200000000000000259,vivid_summit,"Vivid Summit",false,technical,10,general,0.62,0.61,0.91,0.09,0.19,0.34,0.22
200000000000000260,priyaokafor15,"Priya Okafor",false,support-seeker,7,general,0.39,0.38,0.38,0.15,0.19,0.42,0.85
200000000000000261,duskyarrow,"Dusk Yarrow",false,lurker,5,general,0.09,0.23,0.40,0.40,0.20,0.13,0.30
200000000000000262,gladgable39,"Glad Gable",false,lurker,2,general,0.08,0.20,0.26,0.17,0.00,0.31,0.34
200000000000000263,yukimoreau,"Yuki Moreau",false,support-seeker,3,general,0.44,0.32,0.42,0.21,0.07,0.63,0.93
200000000000000264,vividnettle,"Vivid Nettle",false,technical,5,general,0.72,0.52,1.00,0.10,0.25,0.19,0.30
200000000000000265,quiet_harbor,"Quiet Harbor",false,technical,6,general,0.58,0.48,1.00,0.21,0.00,0.20,0.26
200000000000000266,ember_quarry,"Ember Quarry",false,casual,3,general,0.41,0.27,0.33,0.84,0.04,0.29,0.22
200000000000000267,samraman,"Sam Raman",false,lurker,3,general,0.28,0.36,0.18,0.40,0.06,0.11,0.39
200000000000000268,calmsummit,"Calm Summit",false,contrarian,5,general,0.46,0.39,0.48,0.00,0.72,0.13,0.07
200000000000000269,lenar,"Lena R",false,support-seeker,31,general,0.52,0.28,0.23,0.27,0.13,0.43,0.93
200000000000000270,glad_lattice,"Glad Lattice",false,casual,4,general,0.26,0.22,0.21,0.69,0.02,0.38,0.33
200000000000000271,tomasito,"Tomas Ito",false,burnout,4,general,0.49,0.23,0.34,0.22,0.19,0.93,0.52
200000000000000272,hollow_summit,"Hollow Summit",false,technical,4,general,0.65,0.53,0.77,0.00,0.00,0.19,0.28
200000000000000273,jadethistle,"Jade Thistle",false,contrarian,4,general,0.46,0.29,0.41,0.18,0.87,0.17,0.14
200000000000000274,elinnovak,"Elin Novak",false,support-seeker,5,support,0.61,0.34,0.26,0.12,0.24,0.41,0.89
200000000000000275,talialindqvist,"Talia Lindqvist",false,casual,4,general,0.30,0.30,0.23,0.91,0.09,0.36,0.30
200000000000000276,mellow_marlin,"Mellow Marlin",false,casual,3,general,0.22,0.17,0.07,0.83,0.13,0.25,0.15
200000000000000277,arctic_nettle,"Arctic Nettle",false,casual,3,general,0.32,0.13,0.30,0.95,0.18,0.54,0.22
200000000000000278,taliar,"Talia R",false,contrarian,3,general,0.74,0.33,0.50,0.18,0.79,0.10,0.10
200000000000000279,frostkestrel,"Frost Kestrel",false,casual,6,support,0.21,0.26,0.10,0.93,0.10,0.45,0.17
200000000000000280,arcticanvil,"Arctic Anvil",false,technical,4,general,0.65,0.61,0.87,0.15,0.03,0.06,0.44
200000000000000281,zestykettle,"Zesty Kettle",false,technical,8,general,0.68,0.61,0.85,0.00,0.21,0.10,0.44
200000000000000282,kestrelmoreau,"Kestrel Moreau",false,casual,6,general,0.31,0.25,0.21,0.78,0.06,0.27,0.33
200000000000000283,dusk_orchid,"Dusk Orchid",false,burnout,3,support,0.48,0.26,0.30,0.08,0.15,0.80,0.32
200000000000000284,quiet_kettle,"Quiet Kettle",false,casual,7,general,0.24,0.15,0.30,0.83,0.08,0.37,0.22
200000000000000285,brisk_cobalt,"Brisk Cobalt",false,casual,5,support,0.30,0.18,0.29,0.87,0.00,0.45,0.30
200000000000000286,devonsilva51,"Devon Silva",false,contrarian,3,support,0.51,0.18,0.44,0.20,0.63,0.07,0.06
200000000000000287,embervellum,"Ember Vellum",false,lurker,1,general,0.32,0.19,0.38,0.17,0.14,0.06,0.27
200000000000000288,swift_nettle3,"Swift Nettle",false,technical,10,general,0.78,0.58,0.87,0.17,0.13,0.14,0.45
200000000000000289,faintkestrel15,"Faint Kestrel",false,casual,3,general,0.45,0.28,0.26,0.88,0.19,0.35,0.22
200000000000000290,jademarlin,"Jade Marlin",false,technical,4,support,0.78,0.64,0.93,0.00,0.08,0.22,0.22
200000000000000291,tidy_quarry,"Tidy Quarry",false,technical,6,general,0.84,0.44,0.80,0.06,0.17,0.30,0.17
200000000000000292,slatethistle,"Slate Thistle",false,casual,2,support,0.37,0.26,0.09,0.89,0.12,0.33,0.16
200000000000000293,clevernettle26,"Clever Nettle",false,contrarian,3,general,0.66,0.38,0.63,0.23,0.77,0.06,0.07
200000000000000294,swiftlantern,"Swift Lantern",false,casual,2,general,0.44,0.07,0.26,0.90,0.01,0.38,0.08
200000000000000295,pavelw,"Pavel W",false,support-seeker,7,general,0.54,0.33,0.45,0.06,0.05,0.52,0.84
200000000000000296,clever_lattice83,"Clever Lattice",false,lurker,3,general,0.06,0.40,0.28,0.23,0.17,0.32,0.43
200000000000000297,umber_marlin,"Umber Marlin",false,technical,10,general,0.72,0.44,0.89,0.13,0.18,0.28,0.34
200000000000000298,freyaito,"Freya Ito",false,technical,17,general,0.79,0.61,0.88,0.18,0.16,0.11,0.31
200000000000000299,briskmarlin,"Brisk Marlin",false,technical,4,general,0.69,0.63,1.00,0.00,0.14,0.17,0.17
200000000000000300,keencobalt,"Keen Cobalt",false,burnout,2,general,0.58,0.33,0.52,0.11,0.18,0.80,0.44
200000000000000301,slateferry,"Slate Ferry",false,casual,4,general,0.24,0.24,0.17,0.74,0.00,0.49,0.06
200000000000000302,faint_willow,"Faint Willow",false,lurker,3,general,0.32,0.24,0.42,0.44,0.18,0.09,0.42
200000000000000303,lucidlattice,"Lucid Lattice",false,burnout,20,general,0.67,0.13,0.49,0.14,0.24,0.79,0.34
200000000000000304,plain_zephyr94,"Plain Zephyr",false,lurker,2,general,0.19,0.27,0.43,0.29,0.20,0.12,0.41
200000000000000305,clever_orchid57,"Clever Orchid",false,support-seeker,10,general,0.51,0.31,0.21,0.35,0.12,0.45,0.96
200000000000000306,wrylantern37,"Wry Lantern",false,casual,3,general,0.50,0.04,0.27,0.69,0.21,0.31,0.29
200000000000000307,keen_thistle29,"Keen Thistle",false,contrarian,1,support,0.58,0.20,0.49,0.23,0.78,0.33,0.15
200000000000000308,frostharbor64,"Frost Harbor",false,technical,4,general,0.73,0.53,0.79,0.05,0.17,0.15,0.22
200000000000000309,amberyarrow,"Amber Yarrow",false,lurker,1,general,0.33,0.23,0.37,0.38,0.05,0.28,0.34
200000000000000310,duskcobalt,"Dusk Cobalt",false,burnout,3,general,0.45,0.37,0.32,0.21,0.22,0.92,0.44
200000000000000311,jade_yarrow30,"Jade Yarrow",false,casual,13,general,0.40,0.26,0.09,0.66,0.07,0.27,0.34
200000000000000312,swift_quarry,"Swift Quarry",false,lurker,1,general,0.15,0.42,0.32,0.35,0.22,0.19,0.16
200000000000000313,slateferry5,"Slate Ferry",false,support-seeker,5,general,0.45,0.38,0.49,0.23,0.28,0.60,0.83
200000000000000314,mellowmeadow49,"Mellow Meadow",false,lurker,2,general,0.06,0.31,0.21,0.21,0.18,0.24,0.41
200000000000000315,juleskessler,"Jules Kessler",false,technical,4,general,0.61,0.38,0.98,0.10,0.00,0.20,0.18
200000000000000316,keen_juniper,"Keen Juniper",false,burnout,2,support,0.42,0.15,0.40,0.12,0.35,0.95,0.31
200000000000000317,emberzephyr88,"Ember Zephyr",false,contrarian,2,general,0.50,0.22,0.44,0.11,0.74,0.13,0.17
200000000000000318,jadequarry,"Jade Quarry",false,technical,5,general,0.66,0.54,1.00,0.15,0.20,0.15,0.44
200000000000000319,samsilva,"Sam Silva",false,lurker,1,general,0.18,0.36,0.16,0.40,0.03,0.16,0.22
200000000000000320,dusk_otter,"Dusk Otter",false,casual,6,general,0.46,0.04,0.25,0.66,0.23,0.44,0.12
200000000000000321,rheamoreau,"Rhea Moreau",false,support-seeker,4,support,0.45,0.30,0.31,0.16,0.05,0.44,1.00
200000000000000322,opalotter,"Opal Otter",false,lurker,2,support,0.13,0.17,0.34,0.27,0.17,0.17,0.34
200000000000000323,hollow_marlin88,"Hollow Marlin",false,contrarian,3,general,0.71,0.43,0.61,0.16,0.74,0.11,0.03
200000000000000324,glad_thistle,"Glad Thistle",false,lurker,2,general,0.16,0.45,0.44,0.23,0.02,0.33,0.25
200000000000000325,hollow_lantern,"Hollow Lantern",false,technical,4,general,0.75,0.36,0.82,0.05,0.04,0.23,0.28
200000000000000326,plain_lantern,"Plain Lantern",false,casual,4,general,0.32,0.17,0.27,0.82,0.16,0.34,0.09
200000000000000327,inesmoreau4,"Ines Moreau",false,burnout,4,general,0.58,0.34,0.44,0.01,0.29,1.00,0.51
200000000000000328,zarasilva,"Zara Silva",false,casual,2,general,0.49,0.08,0.32,0.87,0.10,0.42,0.08
200000000000000329,briskcinder,"Brisk Cinder",false,casual,1,general,0.33,0.26,0.30,0.83,0.07,0.40,0.24
200000000000000330,frostpebble,"Frost Pebble",false,lurker,2,general,0.28,0.30,0.22,0.17,0.00,0.33,0.20
200000000000000331,cleverorchid,"Clever Orchid",false,burnout,7,support,0.48,0.38,0.43,0.17,0.13,1.00,0.53
200000000000000332,faint_yarrow,"Faint Yarrow",false,burnout,4,support,0.55,0.11,0.52,0.25,0.18,1.00,0.35
200000000000000333,kestrelpetrov,"Kestrel Petrov",false,support-seeker,6,support,0.50,0.29,0.38,0.06,0.27,0.49,0.87
200000000000000334,mellow_wren58,"Mellow Wren",false,casual,3,general,0.30,0.10,0.25,0.89,0.00,0.39,0.14
200000000000000335,zestysummit,"Zesty Summit",false,casual,3,general,0.42,0.09,0.19,0.86,0.16,0.27,0.23
200000000000000336,rustreed,"Rust Reed",false,contrarian,9,general,0.53,0.44,0.56,0.00,0.89,0.17,0.16
200000000000000337,lenaito,"Lena Ito",false,lurker,2,general,0.33,0.26,0.30,0.44,0.14,0.07,0.15
200000000000000338,rapid_kestrel,"Rapid Kestrel",false,casual,3,general,0.47,0.09,0.16,0.79,0.22,0.33,0.05
200000000000000339,slate_cinder,"Slate Cinder",false,contrarian,3,support,0.67,0.30,0.52,0.22,0.77,0.32,0.02
200000000000000340,frost_otter,"Frost Otter",false,contrarian,5,support,0.71,0.25,0.36,0.18,0.63,0.13,0.10
200000000000000341,plaincinder27,"Plain Cinder",false,lurker,1,general,0.08,0.16,0.24,0.43,0.08,0.33,0.22
200000000000000342,keenquarry,"Keen Quarry",false,lurker,3,support,0.07,0.34,0.39,0.43,0.09,0.15,0.26
200000000000000343,wryjuniper,"Wry Juniper",false,burnout,4,general,0.65,0.38,0.47,0.10,0.16,0.96,0.28
200000000000000344,mellow_cinder,"Mellow Cinder",false,support-seeker,6,general,0.43,0.36,0.45,0.13,0.00,0.45,1.00
200000000000000345,arcticreed,"Arctic Reed",false,contrarian,4,general,0.63,0.27,0.42,0.00,0.88,0.08,0.11
200000000000000346,rustnettle,"Rust Nettle",false,technical,3,general,0.75,0.63,0.94,0.00,0.01,0.26,0.32
200000000000000347,dusk_kettle,"Dusk Kettle",false,support-seeker,2,general,0.38,0.32,0.42,0.33,0.15,0.43,1.00
200000000000000348,arcticwillow,"Arctic Willow",false,technical,7,support,0.65,0.53,1.00,0.18,0.15,0.32,0.34
200000000000000349,faint_ferry,"Faint Ferry",false,contrarian,4,general,0.62,0.37,0.63,0.00,0.87,0.17,0.12
200000000000000350,swiftvellum,"Swift Vellum",false,casual,5,general,0.47,0.21,0.12,0.73,0.00,0.43,0.21
200000000000000351,wry_juniper,"Wry Juniper",false,support-seeker,8,support,0.39,0.28,0.45,0.18,0.15,0.49,0.84
200000000000000352,mellowcinder,"Mellow Cinder",false,lurker,3,support,0.08,0.33,0.27,0.25,0.17,0.26,0.38
200000000000000353,lucidorchid,"Lucid Orchid",false,casual,4,general,0.23,0.24,0.31,0.77,0.13,0.51,0.13
200000000000000354,rapidmeadow,"Rapid Meadow",false,casual,2,support,0.25,0.02,0.08,0.75,0.03,0.39,0.23
200000000000000355,malikhaddad,"Malik Haddad",false,casual,3,general,0.34,0.22,0.23,0.76,0.20,0.53,0.11
200000000000000356,novaokafor,"Nova Okafor",false,lurker,4,general,0.25,0.42,0.21,0.45,0.05,0.28,0.15
200000000000000357,brisklantern,"Brisk Lantern",false,technical,14,general,0.80,0.41,0.91,0.04,0.03,0.24,0.27
200000000000000358,swift_vellum,"Swift Vellum",false,lurker,2,support,0.26,0.19,0.26,0.28,0.12,0.10,0.17
200000000000000359,zestybadger,"Zesty Badger",false,lurker,1,general,0.33,0.25,0.24,0.27,0.23,0.19,0.20
200000000000000360,boldferry,"Bold Ferry",false,technical,1,general,0.82,0.43,0.98,0.21,0.23,0.21,0.40
200000000000000361,calm_yarrow97,"Calm Yarrow",false,support-seeker,3,general,0.54,0.30,0.34,0.14,0.23,0.55,0.87
200000000000000362,quiet_lattice,"Quiet Lattice",false,contrarian,8,general,0.61,0.22,0.45,0.17,0.88,0.07,0.20
200000000000000363,malikhaddad84,"Malik Haddad",false,support-seeker,7,general,0.57,0.34,0.37,0.15,0.20,0.49,0.83
200000000000000364,umber_harbor,"Umber Harbor",false,support-seeker,2,support,0.40,0.28,0.43,0.20,0.24,0.61,0.81
200000000000000365,faintwillow,"Faint Willow",false,support-seeker,6,general,0.51,0.32,0.37,0.25,0.17,0.41,1.00
200000000000000366,brunolindqvist,"Bruno Lindqvist",false,lurker,3,general,0.18,0.22,0.25,0.39,0.04,0.15,0.22
200000000000000367,quiet_pebble,"Quiet Pebble",false,casual,1,general,0.25,0.06,0.11,0.71,0.12,0.48,0.09
200000000000000368,opal_cinder,"Opal Cinder",false,casual,3,general,0.38,0.06,0.15,0.69,0.09,0.42,0.05
200000000000000369,idlereed,"Idle Reed",false,casual,5,general,0.31,0.03,0.14,0.76,0.23,0.32,0.22
200000000000000370,julesw43,"Jules W",false,support-seeker,2,general,0.64,0.23,0.40,0.20,0.14,0.41,0.98
200000000000000371,priyacosta10,"Priya Costa",false,contrarian,5,support,0.57,0.28,0.50,0.24,0.87,0.09,0.06
200000000000000372,rapidpebble,"Rapid Pebble",false,lurker,3,general,0.09,0.40,0.45,0.31,0.01,0.34,0.21
200000000000000373,vivid_tundra,"Vivid Tundra",false,lurker,2,general,0.14,0.24,0.43,0.25,0.16,0.06,0.21
200000000000000374,nimble_marlin,"Nimble Marlin",false,support-seeker,3,general,0.41,0.25,0.30,0.32,0.16,0.56,1.00
200000000000000375,briskorchid,"Brisk Orchid",false,support-seeker,2,general,0.46,0.42,0.47,0.09,0.16,0.46,0.85
200000000000000376,ineslindqvist82,"Ines Lindqvist",false,burnout,4,general,0.55,0.35,0.26,0.04,0.34,0.94,0.30
200000000000000377,calmthistle98,"Calm Thistle",false,casual,11,general,0.37,0.01,0.29,0.69,0.21,0.52,0.27
200000000000000378,samcosta99,"Sam Costa",false,lurker,2,general,0.12,0.32,0.31,0.28,0.13,0.17,0.41
200000000000000379,jade_willow,"Jade Willow",false,contrarian,7,general,0.45,0.29,0.63,0.14,0.73,0.24,0.00
200000000000000380,arctic_cinder20,"Arctic Cinder",false,casual,10,general,0.46,0.11,0.26,0.67,0.06,0.30,0.27
200000000000000381,vividsummit11,"Vivid Summit",false,support-seeker,3,general,0.54,0.21,0.31,0.12,0.20,0.62,1.00
200000000000000382,frost_pine21,"Frost Pine",false,lurker,3,general,0.24,0.34,0.33,0.36,0.05,0.29,0.33
200000000000000383,rapidgable,"Rapid Gable",false,support-seeker,3,general,0.60,0.26,0.34,0.21,0.19,0.47,0.88
200000000000000384,hollowquarry,"Hollow Quarry",false,support-seeker,4,general,0.56,0.47,0.30,0.28,0.14,0.40,1.00
200000000000000385,nimble_willow,"Nimble Willow",false,casual,4,support,0.50,0.15,0.22,0.67,0.00,0.36,0.21
200000000000000386,amberotter,"Amber Otter",false,lurker,2,support,0.24,0.16,0.29,0.27,0.01,0.10,0.17
200000000000000387,swiftthistle39,"Swift Thistle",false,casual,5,support,0.50,0.30,0.13,0.68,0.08,0.52,0.12
200000000000000388,clever_pebble,"Clever Pebble",false,technical,5,general,0.82,0.49,0.83,0.21,0.22,0.19,0.16
200000000000000389,wry_nettle3,"Wry Nettle",false,casual,5,support,0.36,0.15,0.10,0.67,0.23,0.44,0.07
200000000000000390,jadeharbor,"Jade Harbor",false,contrarian,4,general,0.65,0.38,0.45,0.17,0.87,0.24,0.01
200000000000000391,idle_marlin45,"Idle Marlin",false,lurker,2,support,0.33,0.28,0.15,0.34,0.07,0.28,0.39
200000000000000392,yukiwhitfield,"Yuki Whitfield",false,casual,8,support,0.30,0.19,0.29,0.78,0.22,0.29,0.16
200000000000000393,brisknettle37,"Brisk Nettle",false,support-seeker,4,support,0.54,0.48,0.44,0.11,0.07,0.41,1.00
200000000000000394,idle_vellum,"Idle Vellum",false,technical,10,general,0.69,0.40,0.94,0.00,0.08,0.28,0.44
200000000000000395,emberlantern,"Ember Lantern",false,casual,4,general,0.48,0.01,0.15,0.91,0.08,0.29,0.23
200000000000000396,jade_reed,"Jade Reed",false,technical,3,general,0.67,0.54,0.79,0.08,0.16,0.12,0.33
200000000000000397,briskharbor84,"Brisk Harbor",false,casual,6,general,0.43,0.11,0.22,0.65,0.24,0.32,0.26
200000000000000398,jade_harbor,"Jade Harbor",false,support-seeker,3,general,0.52,0.24,0.44,0.27,0.00,0.49,0.99
200000000000000399,rust_nettle,"Rust Nettle",false,support-seeker,10,general,0.62,0.24,0.20,0.19,0.07,0.41,1.00
200000000000000400,duskpebble,"Dusk Pebble",false,casual,5,support,0.32,0.11,0.21,0.72,0.01,0.38,0.15
200000000000000401,vivid_reed,"Vivid Reed",false,support-seeker,16,general,0.63,0.40,0.24,0.23,0.19,0.45,0.96
200000000000000402,rapid_pebble,"Rapid Pebble",false,support-seeker,2,general,0.46,0.21,0.27,0.29,0.16,0.60,0.81
200000000000000403,clever_gable34,"Clever Gable",false,lurker,2,general,0.10,0.21,0.35,0.29,0.12,0.35,0.15
200000000000000404,frostferry,"Frost Ferry",false,lurker,2,general,0.24,0.40,0.28,0.30,0.12,0.20,0.44
200000000000000405,cassr11,"Cass R",false,casual,1,general,0.29,0.01,0.22,0.68,0.07,0.32,0.26
200000000000000406,lucidferry,"Lucid Ferry",false,casual,2,general,0.35,0.08,0.30,0.66,0.02,0.53,0.26
200000000000000407,maliknovak10,"Malik Novak",false,technical,9,general,0.70,0.46,0.90,0.07,0.05,0.26,0.28
200000000000000408,slate_anvil,"Slate Anvil",false,casual,2,general,0.35,0.20,0.28,0.69,0.10,0.41,0.27
200000000000000409,inesk55,"Ines K",false,casual,2,support,0.40,0.23,0.31,0.77,0.00,0.55,0.28
200000000000000410,plainmeadow,"Plain Meadow",false,lurker,2,general,0.21,0.35,0.32,0.36,0.07,0.14,0.40
200000000000000411,omarcosta,"Omar Costa",false,casual,6,general,0.36,0.11,0.19,0.73,0.12,0.28,0.08
200000000000000412,boldkestrel,"Bold Kestrel",false,casual,7,general,0.27,0.02,0.24,0.79,0.23,0.36,0.10
200000000000000413,opal_summit,"Opal Summit",false,contrarian,3,general,0.67,0.18,0.60,0.15,0.64,0.27,0.18
200000000000000414,amberquarry,"Amber Quarry",false,support-seeker,7,support,0.37,0.47,0.30,0.12,0.03,0.51,1.00
200000000000000415,nimblebadger,"Nimble Badger",false,contrarian,4,general,0.49,0.26,0.44,0.03,0.89,0.15,0.11
200000000000000416,quietmeadow9,"Quiet Meadow",false,contrarian,7,general,0.48,0.24,0.61,0.17,0.66,0.20,0.18
200000000000000417,rapidnettle34,"Rapid Nettle",false,contrarian,6,support,0.56,0.35,0.40,0.20,0.68,0.13,0.13
200000000000000418,briskharbor,"Brisk Harbor",false,contrarian,5,general,0.49,0.41,0.54,0.00,0.73,0.11,0.00
200000000000000419,opalnettle,"Opal Nettle",false,lurker,2,general,0.12,0.34,0.36,0.24,0.14,0.08,0.34
200000000000000420,amber_harbor11,"Amber Harbor",false,support-seeker,12,general,0.50,0.33,0.41,0.07,0.20,0.59,0.92
200000000000000421,slate_kestrel86,"Slate Kestrel",false,casual,2,general,0.50,0.22,0.17,0.83,0.00,0.36,0.11
200000000000000422,rustharbor,"Rust Harbor",false,lurker,3,support,0.27,0.34,0.24,0.23,0.00,0.13,0.16
200000000000000423,nimble_gable,"Nimble Gable",false,support-seeker,3,support,0.41,0.40,0.41,0.07,0.29,0.61,0.94
200000000000000424,slatereed,"Slate Reed",false,technical,2,general,0.73,0.43,1.00,0.03,0.14,0.33,0.30
200000000000000425,calm_cinder,"Calm Cinder",false,lurker,3,support,0.10,0.40,0.25,0.15,0.13,0.26,0.42
200000000000000426,nimbletundra,"Nimble Tundra",false,contrarian,8,general,0.70,0.35,0.41,0.23,0.69,0.08,0.00
200000000000000427,faintjuniper,"Faint Juniper",false,casual,3,general,0.36,0.00,0.09,0.88,0.00,0.49,0.35
200000000000000428,umber_wren,"Umber Wren",false,casual,3,general,0.40,0.07,0.20,0.92,0.12,0.47,0.23
200000000000000429,casscosta,"Cass Costa",false,contrarian,7,support,0.69,0.22,0.62,0.09,0.71,0.10,0.11
200000000000000430,samberg37,"Sam Berg",false,casual,3,general,0.35,0.03,0.16,0.86,0.23,0.49,0.14
200000000000000431,hollow_cinder,"Hollow Cinder",false,casual,2,support,0.43,0.26,0.14,0.82,0.00,0.51,0.08
200000000000000432,vividzephyr27,"Vivid Zephyr",false,lurker,2,general,0.08,0.29,0.41,0.33,0.01,0.30,0.21
200000000000000433,bold_yarrow,"Bold Yarrow",false,casual,10,general,0.43,0.13,0.21,0.68,0.03,0.29,0.17
200000000000000434,tidyreed,"Tidy Reed",false,support-seeker,4,support,0.47,0.50,0.45,0.15,0.02,0.61,1.00
200000000000000435,quiet_cobalt26,"Quiet Cobalt",false,technical,5,general,0.77,0.63,0.83,0.14,0.17,0.22,0.21
200000000000000436,yukiito,"Yuki Ito",false,casual,7,support,0.30,0.26,0.32,0.81,0.07,0.46,0.15
200000000000000437,hollowreed,"Hollow Reed",false,casual,5,general,0.25,0.16,0.13,0.83,0.00,0.45,0.07
200000000000000438,tomaspetrov,"Tomas Petrov",false,casual,2,general,0.38,0.29,0.27,0.86,0.03,0.53,0.18
200000000000000439,rustivory,"Rust Ivory",false,casual,2,general,0.42,0.00,0.14,0.87,0.00,0.46,0.31
200000000000000440,swift_nettle,"Swift Nettle",false,technical,11,general,0.71,0.44,0.96,0.07,0.00,0.10,0.31
200000000000000441,mellow_ivory,"Mellow Ivory",false,technical,2,general,0.83,0.59,0.97,0.05,0.21,0.16,0.41
200000000000000442,brisk_kestrel,"Brisk Kestrel",false,casual,3,general,0.48,0.06,0.26,0.68,0.05,0.39,0.27
200000000000000443,mellowpine,"Mellow Pine",false,lurker,4,general,0.13,0.45,0.19,0.38,0.18,0.09,0.19
200000000000000444,nimblewren,"Nimble Wren",false,lurker,1,support,0.25,0.17,0.18,0.18,0.10,0.26,0.26
200000000000000445,kestreltanaka,"Kestrel Tanaka",false,casual,4,general,0.34,0.06,0.05,0.71,0.20,0.34,0.16
200000000000000446,amberanvil,"Amber Anvil",false,contrarian,9,general,0.68,0.35,0.60,0.00,0.75,0.06,0.20
200000000000000447,vivid_cinder70,"Vivid Cinder",false,casual,2,support,0.27,0.09,0.15,0.83,0.13,0.31,0.34
200000000000000448,cleverotter8,"Clever Otter",false,casual,4,support,0.36,0.06,0.25,0.91,0.03,0.55,0.30
200000000000000449,brisk_juniper,"Brisk Juniper",false,support-seeker,3,general,0.49,0.32,0.40,0.05,0.29,0.49,1.00
200000000000000450,samkessler42,"Sam Kessler",false,contrarian,3,general,0.74,0.20,0.42,0.11,0.87,0.30,0.11
200000000000000451,theocosta,"Theo Costa",false,casual,7,support,0.49,0.19,0.33,0.94,0.16,0.55,0.08
200000000000000452,faintkettle,"Faint Kettle",false,lurker,1,support,0.19,0.34,0.39,0.24,0.18,0.17,0.41
200000000000000453,brunotanaka,"Bruno Tanaka",false,technical,4,general,0.74,0.51,0.88,0.08,0.00,0.10,0.21
200000000000000454,amber_anvil2,"Amber Anvil",false,casual,11,general,0.46,0.15,0.31,0.80,0.12,0.43,0.18
200000000000000455,quietbadger,"Quiet Badger",false,casual,1,general,0.28,0.04,0.20,0.67,0.02,0.26,0.25
200000000000000456,bold_meadow15,"Bold Meadow",false,burnout,1,general,0.58,0.32,0.54,0.05,0.24,0.80,0.45
200000000000000457,amberorchid,"Amber Orchid",false,support-seeker,3,support,0.41,0.35,0.36,0.34,0.02,0.53,0.83
200000000000000458,boldtundra,"Bold Tundra",false,lurker,2,general,0.09,0.25,0.27,0.41,0.07,0.08,0.43
200000000000000459,plain_wren,"Plain Wren",false,support-seeker,7,support,0.54,0.49,0.33,0.25,0.18,0.43,0.98
200000000000000460,jadekestrel12,"Jade Kestrel",false,technical,4,general,0.67,0.46,0.81,0.01,0.20,0.27,0.19
200000000000000461,keen_kettle,"Keen Kettle",false,casual,3,support,0.48,0.24,0.33,0.66,0.06,0.36,0.06
200000000000000462,opallattice,"Opal Lattice",false,technical,1,support,0.57,0.53,0.80,0.00,0.22,0.34,0.37
200000000000000463,novamoreau95,"Nova Moreau",false,lurker,2,support,0.17,0.38,0.26,0.26,0.06,0.31,0.37
200000000000000464,lucidquarry,"Lucid Quarry",false,casual,8,general,0.47,0.22,0.10,0.89,0.00,0.40,0.35
200000000000000465,quiet_quarry,"Quiet Quarry",false,contrarian,7,general,0.47,0.29,0.52,0.09,0.70,0.23,0.18
200000000000000466,elinhaddad,"Elin Haddad",false,casual,3,general,0.47,0.07,0.29,0.77,0.00,0.34,0.09
200000000000000467,zaraw74,"Zara W",false,casual,3,support,0.37,0.15,0.13,0.68,0.06,0.42,0.29
200000000000000468,zaraw,"Zara W",false,technical,7,support,0.64,0.49,0.80,0.00,0.02,0.11,0.44
200000000000000469,arctic_kestrel63,"Arctic Kestrel",false,casual,4,general,0.36,0.23,0.10,0.85,0.05,0.35,0.28
200000000000000470,frostnettle96,"Frost Nettle",false,casual,7,support,0.48,0.23,0.33,0.70,0.01,0.43,0.07
200000000000000471,keenorchid,"Keen Orchid",false,burnout,3,support,0.58,0.26,0.51,0.14,0.29,0.98,0.55
200000000000000472,keenlantern,"Keen Lantern",false,burnout,2,general,0.58,0.35,0.35,0.27,0.12,1.00,0.28
200000000000000473,wry_quarry,"Wry Quarry",false,technical,7,general,0.68,0.36,0.91,0.00,0.00,0.10,0.28
200000000000000474,plaintundra,"Plain Tundra",false,support-seeker,5,general,0.47,0.23,0.22,0.28,0.11,0.56,1.00
200000000000000475,frostnettle50,"Frost Nettle",false,contrarian,4,general,0.46,0.36,0.54,0.19,0.84,0.07,0.01
200000000000000476,quiet_reed,"Quiet Reed",false,casual,5,support,0.40,0.17,0.09,0.73,0.21,0.26,0.34
200000000000000477,ember_kestrel63,"Ember Kestrel",false,casual,7,general,0.31,0.07,0.22,0.80,0.07,0.30,0.07
200000000000000478,wrymarlin,"Wry Marlin",false,lurker,2,general,0.32,0.34,0.28,0.30,0.20,0.13,0.27
200000000000000479,rapid_badger,"Rapid Badger",false,casual,8,general,0.45,0.01,0.29,0.75,0.06,0.54,0.22
200000000000000480,arctic_kettle,"Arctic Kettle",false,support-seeker,11,general,0.52,0.38,0.41,0.07,0.15,0.48,0.95
200000000000000481,plainbadger,"Plain Badger",false,support-seeker,2,support,0.38,0.29,0.31,0.23,0.28,0.63,1.00
200000000000000482,idle_yarrow96,"Idle Yarrow",false,support-seeker,3,general,0.42,0.33,0.36,0.30,0.02,0.62,0.90
200000000000000483,gladwren,"Glad Wren",false,technical,11,general,0.81,0.40,0.81,0.21,0.20,0.32,0.22
200000000000000484,rheakessler,"Rhea Kessler",false,casual,3,support,0.25,0.00,0.13,0.76,0.11,0.45,0.17
200000000000000485,cleverlattice48,"Clever Lattice",false,casual,4,support,0.44,0.03,0.22,0.82,0.23,0.37,0.22
200000000000000486,theoraman99,"Theo Raman",false,contrarian,7,general,0.55,0.25,0.52,0.22,0.71,0.23,0.00
200000000000000487,nimbleorchid,"Nimble Orchid",false,support-seeker,3,general,0.51,0.48,0.22,0.11,0.24,0.35,0.82
200000000000000488,glad_cinder32,"Glad Cinder",false,casual,3,general,0.21,0.04,0.23,0.70,0.19,0.51,0.27
200000000000000489,nimble_kestrel,"Nimble Kestrel",false,casual,8,support,0.41,0.03,0.29,0.73,0.00,0.25,0.27
200000000000000490,calm_ferry,"Calm Ferry",false,lurker,1,general,0.24,0.28,0.15,0.22,0.06,0.10,0.30
200000000000000491,rust_ferry,"Rust Ferry",false,contrarian,14,general,0.63,0.24,0.60,0.02,0.84,0.16,0.00
200000000000000492,tidykettle,"Tidy Kettle",false,support-seeker,5,support,0.61,0.30,0.44,0.28,0.23,0.49,1.00
200000000000000493,opalorchid64,"Opal Orchid",false,technical,5,general,0.56,0.55,0.91,0.00,0.15,0.31,0.42
200000000000000494,tidy_thistle32,"Tidy Thistle",false,casual,6,general,0.23,0.10,0.20,0.85,0.16,0.28,0.07
200000000000000495,brunok,"Bruno K",false,technical,4,general,0.57,0.42,1.00,0.07,0.02,0.27,0.33
200000000000000496,lenatanaka,"Lena Tanaka",false,technical,3,general,0.81,0.59,0.76,0.09,0.12,0.11,0.38
200000000000000497,zesty_otter5,"Zesty Otter",false,burnout,3,general,0.43,0.10,0.55,0.22,0.23,0.79,0.28
200000000000000498,tidyotter29,"Tidy Otter",false,technical,10,support,0.79,0.42,0.76,0.18,0.25,0.08,0.16
200000000000000499,tidyorchid95,"Tidy Orchid",false,support-seeker,7,support,0.52,0.42,0.32,0.27,0.08,0.44,0.81
200000000000000500,lenak,"Lena K",false,casual,3,support,0.39,0.23,0.15,0.79,0.02,0.26,0.29
200000000000000501,keenreed,"Keen Reed",false,lurker,1,general,0.18,0.43,0.29,0.26,0.16,0.24,0.17
200000000000000502,frost_cobalt77,"Frost Cobalt",false,contrarian,5,general,0.55,0.37,0.61,0.13,0.82,0.17,0.12
200000000000000503,quietquarry,"Quiet Quarry",false,technical,14,general,0.70,0.50,0.99,0.16,0.11,0.35,0.22
200000000000000504,nimble_zephyr,"Nimble Zephyr",false,casual,3,general,0.49,0.03,0.29,0.66,0.20,0.36,0.31
200000000000000505,hanacosta,"Hana Costa",false,casual,1,general,0.34,0.26,0.33,0.67,0.10,0.43,0.11
200000000000000506,calm_vellum76,"Calm Vellum",false,lurker,2,support,0.22,0.18,0.29,0.31,0.00,0.07,0.40
200000000000000507,arcticmeadow,"Arctic Meadow",false,casual,1,general,0.38,0.05,0.07,0.87,0.08,0.34,0.12
200000000000000508,yukiberg,"Yuki Berg",false,casual,3,general,0.43,0.05,0.26,0.81,0.20,0.43,0.26
200000000000000509,hanapetrov55,"Hana Petrov",false,casual,4,general,0.44,0.01,0.31,0.88,0.10,0.33,0.19
200000000000000510,bold_otter69,"Bold Otter",false,lurker,2,support,0.29,0.23,0.44,0.29,0.00,0.29,0.33
200000000000000511,quiet_lantern27,"Quiet Lantern",false,technical,9,general,0.81,0.60,0.89,0.00,0.12,0.23,0.16
200000000000000512,wrynettle,"Wry Nettle",false,lurker,2,support,0.32,0.25,0.32,0.30,0.00,0.33,0.44
200000000000000513,hanacosta78,"Hana Costa",false,lurker,2,general,0.28,0.16,0.39,0.43,0.00,0.25,0.38
200000000000000514,boldgable,"Bold Gable",false,technical,5,general,0.63,0.43,0.95,0.16,0.20,0.34,0.40
200000000000000515,idleferry8,"Idle Ferry",false,casual,4,general,0.33,0.30,0.28,0.79,0.21,0.50,0.09
200000000000000516,idle_thistle,"Idle Thistle",false,burnout,4,support,0.65,0.22,0.37,0.10,0.12,0.88,0.37
200000000000000517,wry_orchid,"Wry Orchid",false,casual,2,support,0.46,0.13,0.10,0.76,0.08,0.48,0.32
200000000000000518,dusk_badger,"Dusk Badger",false,casual,3,general,0.34,0.03,0.25,0.80,0.02,0.52,0.30
200000000000000519,brisk_wren,"Brisk Wren",false,casual,4,support,0.25,0.28,0.12,0.91,0.00,0.54,0.28
200000000000000520,casspetrov,"Cass Petrov",false,support-seeker,4,support,0.41,0.26,0.45,0.15,0.18,0.48,0.90
200000000000000521,calmthistle,"Calm Thistle",false,technical,11,general,0.83,0.48,0.87,0.20,0.02,0.31,0.39
200000000000000522,rustmarlin62,"Rust Marlin",false,casual,4,general,0.41,0.19,0.19,0.85,0.09,0.40,0.12
200000000000000523,lucid_cinder7,"Lucid Cinder",false,support-seeker,3,general,0.59,0.31,0.48,0.13,0.10,0.63,1.00
200000000000000524,idle_meadow,"Idle Meadow",false,casual,8,general,0.20,0.29,0.15,0.86,0.22,0.29,0.14
200000000000000525,calmgable,"Calm Gable",false,casual,3,general,0.32,0.02,0.15,0.93,0.04,0.55,0.08
200000000000000526,devonito,"Devon Ito",false,support-seeker,5,general,0.51,0.40,0.43,0.10,0.13,0.45,1.00
200000000000000527,hanamoreau,"Hana Moreau",false,casual,2,general,0.31,0.17,0.23,0.84,0.22,0.46,0.08
200000000000000528,quiet_meadow,"Quiet Meadow",false,technical,7,support,0.64,0.36,0.79,0.16,0.02,0.18,0.24
200000000000000529,plainjuniper,"Plain Juniper",false,technical,4,support,0.79,0.54,0.92,0.07,0.08,0.21,0.16
200000000000000530,swiftlantern62,"Swift Lantern",false,support-seeker,14,general,0.61,0.22,0.26,0.20,0.04,0.49,0.82
200000000000000531,rapidcinder,"Rapid Cinder",false,contrarian,4,general,0.49,0.16,0.41,0.24,0.73,0.10,0.00
200000000000000532,swift_pebble,"Swift Pebble",false,casual,9,general,0.49,0.19,0.27,0.94,0.00,0.29,0.15
200000000000000533,plain_orchid74,"Plain Orchid",false,contrarian,6,general,0.74,0.27,0.39,0.04,0.82,0.32,0.17
200000000000000534,nimble_juniper,"Nimble Juniper",false,lurker,1,general,0.17,0.33,0.29,0.36,0.00,0.08,0.43
200000000000000535,devonmoreau,"Devon Moreau",false,casual,4,general,0.39,0.11,0.12,0.92,0.13,0.51,0.21
200000000000000536,umber_pebble65,"Umber Pebble",false,lurker,2,general,0.18,0.42,0.23,0.27,0.11,0.16,0.40
200000000000000537,opal_quarry53,"Opal Quarry",false,casual,3,general,0.47,0.26,0.26,0.78,0.19,0.49,0.25
200000000000000538,briskwren73,"Brisk Wren",false,lurker,2,support,0.19,0.31,0.42,0.24,0.21,0.21,0.24
200000000000000539,vividlantern,"Vivid Lantern",false,burnout,4,general,0.41,0.23,0.48,0.20,0.26,0.77,0.39
200000000000000540,calm_wren,"Calm Wren",false,support-seeker,2,general,0.51,0.34,0.44,0.32,0.21,0.39,1.00
200000000000000541,boldharbor,"Bold Harbor",false,technical,4,general,0.58,0.46,0.98,0.20,0.03,0.15,0.27
200000000000000542,rheaberg,"Rhea Berg",false,lurker,2,support,0.34,0.36,0.32,0.38,0.00,0.33,0.41
200000000000000543,quiettundra,"Quiet Tundra",false,lurker,2,general,0.20,0.16,0.37,0.41,0.18,0.11,0.23
200000000000000544,slatejuniper,"Slate Juniper",false,technical,2,general,0.83,0.55,0.86,0.18,0.22,0.35,0.40
200000000000000545,slatebadger,"Slate Badger",false,casual,2,general,0.21,0.09,0.27,0.80,0.09,0.34,0.22
200000000000000546,priyamoreau,"Priya Moreau",false,technical,11,general,0.63,0.56,0.97,0.14,0.02,0.29,0.45
200000000000000547,quietwillow,"Quiet Willow",false,casual,2,general,0.22,0.23,0.27,0.67,0.14,0.35,0.12
200000000000000548,priyar,"Priya R",false,burnout,2,support,0.54,0.37,0.39,0.06,0.23,1.00,0.36
200000000000000549,malikcosta38,"Malik Costa",false,support-seeker,3,support,0.59,0.42,0.31,0.24,0.28,0.36,0.98
200000000000000550,quiet_kettle8,"Quiet Kettle",false,casual,2,general,0.23,0.27,0.32,0.93,0.18,0.44,0.23
200000000000000551,hollow_orchid,"Hollow Orchid",false,support-seeker,4,general,0.52,0.31,0.22,0.17,0.20,0.63,0.89
200000000000000552,swift_kettle,"Swift Kettle",false,support-seeker,5,support,0.56,0.31,0.38,0.20,0.18,0.36,0.83
200000000000000553,briskquarry,"Brisk Quarry",false,contrarian,7,general,0.72,0.17,0.52,0.08,0.86,0.21,0.10
200000000000000554,juleslindqvist20,"Jules Lindqvist",false,casual,2,general,0.24,0.21,0.34,0.73,0.09,0.54,0.15
200000000000000555,idlecobalt,"Idle Cobalt",false,support-seeker,2,general,0.47,0.22,0.33,0.10,0.29,0.53,0.97
200000000000000556,arctic_thistle55,"Arctic Thistle",false,lurker,1,general,0.29,0.20,0.35,0.19,0.03,0.25,0.39
200000000000000557,keen_nettle,"Keen Nettle",false,lurker,3,general,0.13,0.31,0.23,0.44,0.00,0.06,0.18
200000000000000558,amber_anvil,"Amber Anvil",false,lurker,2,support,0.10,0.38,0.30,0.44,0.01,0.06,0.17
200000000000000559,mellowvellum,"Mellow Vellum",false,lurker,2,general,0.14,0.25,0.43,0.19,0.12,0.18,0.19
200000000000000560,mellowcobalt,"Mellow Cobalt",false,lurker,2,general,0.20,0.25,0.38,0.21,0.00,0.13,0.43
200000000000000561,brisksummit,"Brisk Summit",false,technical,5,general,0.73,0.38,1.00,0.20,0.08,0.17,0.30
200000000000000562,faintlantern,"Faint Lantern",false,casual,3,general,0.25,0.16,0.10,0.78,0.02,0.38,0.19
200000000000000563,plainwren88,"Plain Wren",false,lurker,4,general,0.09,0.21,0.40,0.22,0.24,0.24,0.17
200000000000000564,tidygable,"Tidy Gable",false,technical,5,general,0.65,0.46,1.00,0.14,0.22,0.10,0.35
200000000000000565,marapetrov96,"Mara Petrov",false,burnout,4,general,0.44,0.15,0.53,0.28,0.19,1.00,0.31
200000000000000566,jade_quarry,"Jade Quarry",false,burnout,6,general,0.46,0.38,0.28,0.17,0.13,0.85,0.52
200000000000000567,brunowhitfield17,"Bruno Whitfield",false,lurker,2,general,0.21,0.37,0.20,0.41,0.05,0.20,0.45
200000000000000568,inessilva,"Ines Silva",false,technical,3,support,0.64,0.38,0.83,0.21,0.20,0.13,0.44
200000000000000569,hollow_harbor,"Hollow Harbor",false,lurker,4,general,0.24,0.37,0.16,0.23,0.07,0.30,0.39
200000000000000570,idlelantern,"Idle Lantern",false,casual,5,general,0.33,0.01,0.30,0.88,0.16,0.28,0.17
200000000000000571,zestyjuniper,"Zesty Juniper",false,casual,5,general,0.40,0.29,0.12,0.66,0.23,0.42,0.31
200000000000000572,idle_lattice99,"Idle Lattice",false,casual,3,general,0.22,0.12,0.14,0.79,0.19,0.39,0.05
200000000000000573,zestyferry84,"Zesty Ferry",false,casual,6,general,0.35,0.01,0.10,0.91,0.00,0.31,0.34
200000000000000574,amber_yarrow,"Amber Yarrow",false,casual,4,general,0.27,0.15,0.12,0.86,0.25,0.36,0.20
200000000000000575,swift_summit,"Swift Summit",false,casual,3,general,0.36,0.06,0.26,0.66,0.21,0.34,0.29
200000000000000576,embergable,"Ember Gable",false,casual,2,general,0.38,0.20,0.28,0.70,0.06,0.45,0.25
200000000000000577,zesty_juniper91,"Zesty Juniper",false,technical,4,support,0.83,0.55,0.90,0.01,0.05,0.16,0.34
200000000000000578,arctic_summit,"Arctic Summit",false,casual,3,general,0.50,0.06,0.26,0.83,0.00,0.52,0.33
200000000000000579,jadesummit16,"Jade Summit",false,contrarian,6,general,0.61,0.36,0.57,0.00,0.78,0.13,0.22
200000000000000580,amber_kestrel,"Amber Kestrel",false,casual,3,support,0.21,0.04,0.23,0.93,0.24,0.43,0.16
200000000000000581,plain_thistle,"Plain Thistle",false,support-seeker,7,general,0.58,0.21,0.44,0.34,0.11,0.48,1.00
200000000000000582,tomaskessler,"Tomas Kessler",false,technical,7,support,0.63,0.37,1.00,0.22,0.20,0.32,0.22
200000000000000583,keengable48,"Keen Gable",false,burnout,3,general,0.50,0.32,0.46,0.22,0.22,0.84,0.41
200000000000000584,amberharbor,"Amber Harbor",false,support-seeker,7,general,0.35,0.40,0.40,0.12,0.14,0.54,0.98
200000000000000585,nimble_cobalt,"Nimble Cobalt",false,contrarian,8,general,0.46,0.22,0.40,0.12,0.62,0.33,0.19
200000000000000586,tomasmoreau76,"Tomas Moreau",false,lurker,1,support,0.06,0.26,0.26,0.21,0.04,0.06,0.37
200000000000000587,pavelwhitfield,"Pavel Whitfield",false,lurker,1,support,0.19,0.17,0.22,0.34,0.07,0.30,0.39
200000000000000588,swift_badger87,"Swift Badger",false,technical,14,general,0.69,0.43,0.88,0.00,0.15,0.08,0.22
200000000000000589,plainanvil,"Plain Anvil",false,lurker,2,general,0.24,0.33,0.20,0.41,0.00,0.20,0.41
200000000000000590,keen_juniper2,"Keen Juniper",false,casual,2,general,0.46,0.21,0.12,0.86,0.16,0.27,0.11
200000000000000591,hollow_juniper,"Hollow Juniper",false,technical,6,support,0.57,0.42,1.00,0.12,0.19,0.35,0.24
200000000000000592,calm_ivory,"Calm Ivory",false,contrarian,9,general,0.70,0.18,0.35,0.21,0.86,0.33,0.05
200000000000000593,tomasraman,"Tomas Raman",false,casual,6,support,0.28,0.21,0.12,0.88,0.16,0.35,0.30
200000000000000594,bold_meadow,"Bold Meadow",false,casual,6,general,0.49,0.18,0.13,0.65,0.07,0.50,0.15
200000000000000595,zararaman,"Zara Raman",false,casual,5,general,0.24,0.30,0.24,0.85,0.16,0.53,0.21
200000000000000596,swiftpebble26,"Swift Pebble",false,support-seeker,4,general,0.57,0.46,0.27,0.09,0.19,0.57,0.87
200000000000000597,quiet_zephyr,"Quiet Zephyr",false,casual,2,general,0.24,0.09,0.27,0.77,0.22,0.35,0.30
200000000000000598,priyatanaka,"Priya Tanaka",false,casual,6,support,0.44,0.16,0.16,0.77,0.08,0.28,0.17
200000000000000599,tidy_ferry73,"Tidy Ferry",false,casual,3,support,0.26,0.16,0.24,0.94,0.23,0.49,0.22
200000000000000600,sammoreau,"Sam Moreau",false,technical,7,general,0.69,0.63,1.00,0.21,0.17,0.29,0.16
200000000000000601,amberlantern,"Amber Lantern",false,support-seeker,4,general,0.58,0.22,0.47,0.27,0.09,0.61,1.00
200000000000000602,arcticwren,"Arctic Wren",false,technical,5,general,0.80,0.51,0.89,0.18,0.25,0.34,0.32
200000000000000603,malikw,"Malik W",false,lurker,1,general,0.34,0.41,0.31,0.23,0.00,0.20,0.37
200000000000000604,opal_tundra9,"Opal Tundra",false,casual,4,general,0.49,0.28,0.33,0.90,0.23,0.49,0.09
200000000000000605,slatekestrel,"Slate Kestrel",false,burnout,3,support,0.68,0.32,0.36,0.12,0.35,0.89,0.55
200000000000000606,plain_ivory88,"Plain Ivory",false,lurker,2,general,0.21,0.22,0.35,0.28,0.03,0.24,0.31
200000000000000607,plainpine,"Plain Pine",false,technical,6,general,0.78,0.55,1.00,0.10,0.09,0.32,0.36
200000000000000608,marakessler13,"Mara Kessler",false,casual,6,general,0.29,0.21,0.30,0.79,0.17,0.30,0.23
200000000000000609,zesty_kestrel,"Zesty Kestrel",false,contrarian,7,general,0.59,0.28,0.43,0.06,0.78,0.26,0.04
200000000000000610,maralindqvist61,"Mara Lindqvist",false,lurker,2,general,0.26,0.38,0.27,0.34,0.05,0.14,0.16
200000000000000611,jadelattice,"Jade Lattice",false,casual,7,general,0.32,0.06,0.12,0.85,0.22,0.41,0.24
200000000000000612,yukiokafor,"Yuki Okafor",false,casual,3,general,0.23,0.09,0.28,0.71,0.12,0.34,0.26
200000000000000613,umbertundra,"Umber Tundra",false,support-seeker,4,general,0.65,0.33,0.31,0.12,0.15,0.63,1.00
200000000000000614,zestypine,"Zesty Pine",false,casual,5,support,0.36,0.04,0.14,0.93,0.20,0.45,0.33
200000000000000615,umbermarlin,"Umber Marlin",false,support-seeker,3,general,0.47,0.47,0.23,0.05,0.23,0.39,1.00
200000000000000616,rapidquarry,"Rapid Quarry",false,contrarian,4,general,0.57,0.41,0.46,0.08,0.64,0.24,0.15
200000000000000617,mellow_quarry77,"Mellow Quarry",false,casual,4,general,0.39,0.19,0.25,0.80,0.11,0.31,0.15
200000000000000618,jadewillow,"Jade Willow",false,support-seeker,2,general,0.35,0.26,0.25,0.22,0.29,0.45,0.87
200000000000000619,hollow_yarrow52,"Hollow Yarrow",false,casual,3,general,0.31,0.26,0.06,0.72,0.00,0.52,0.13
200000000000000620,frost_lattice72,"Frost Lattice",false,casual,3,support,0.32,0.27,0.08,0.65,0.13,0.33,0.24
200000000000000621,gladmarlin,"Glad Marlin",false,lurker,4,general,0.19,0.37,0.27,0.45,0.00,0.10,0.33
200000000000000622,quiet_tundra,"Quiet Tundra",false,casual,6,general,0.35,0.29,0.27,0.81,0.02,0.29,0.10
200000000000000623,rust_meadow65,"Rust Meadow",false,technical,7,general,0.67,0.49,0.92,0.00,0.10,0.24,0.43
200000000000000624,opalthistle,"Opal Thistle",false,contrarian,6,general,0.64,0.28,0.36,0.09,0.62,0.22,0.00
200000000000000625,boldzephyr,"Bold Zephyr",false,casual,6,general,0.28,0.20,0.31,0.94,0.19,0.38,0.25
200000000000000626,duskcobalt36,"Dusk Cobalt",false,support-seeker,2,general,0.60,0.50,0.43,0.14,0.03,0.56,1.00
200000000000000627,lucidmarlin,"Lucid Marlin",false,casual,1,general,0.23,0.13,0.08,0.90,0.10,0.53,0.17
200000000000000628,faintbadger,"Faint Badger",false,lurker,1,general,0.33,0.18,0.26,0.43,0.20,0.15,0.17
200000000000000629,plain_vellum,"Plain Vellum",false,technical,9,general,0.69,0.55,0.92,0.00,0.19,0.33,0.22
200000000000000630,marak,"Mara K",false,technical,3,general,0.58,0.36,0.85,0.03,0.01,0.05,0.28
200000000000000631,slateotter25,"Slate Otter",false,lurker,6,support,0.32,0.26,0.34,0.35,0.13,0.10,0.32
200000000000000632,wryotter,"Wry Otter",false,contrarian,5,support,0.56,0.36,0.38,0.09,0.68,0.30,0.07
200000000000000633,inesokafor,"Ines Okafor",false,lurker,2,general,0.11,0.21,0.29,0.17,0.05,0.33,0.36
200000000000000634,jade_lantern,"Jade Lantern",false,contrarian,17,support,0.69,0.40,0.38,0.20,0.65,0.08,0.16
200000000000000635,tomascosta,"Tomas Costa",false,burnout,4,support,0.41,0.10,0.42,0.23,0.33,0.78,0.31
200000000000000636,frostyarrow87,"Frost Yarrow",false,support-seeker,3,general,0.61,0.38,0.28,0.19,0.11,0.61,0.95
200000000000000637,quietcinder,"Quiet Cinder",false,lurker,2,general,0.13,0.34,0.45,0.40,0.01,0.27,0.25
200000000000000638,nimblebadger66,"Nimble Badger",false,lurker,2,support,0.26,0.34,0.17,0.35,0.11,0.31,0.27
200000000000000639,frostlattice,"Frost Lattice",false,casual,4,general,0.24,0.11,0.16,0.68,0.04,0.50,0.30
200000000000000640,kestrelnovak11,"Kestrel Novak",false,support-seeker,5,support,0.65,0.35,0.25,0.08,0.11,0.45,0.82
200000000000000641,rust_yarrow,"Rust Yarrow",false,lurker,3,general,0.07,0.16,0.40,0.19,0.18,0.22,0.22
200000000000000642,malikito,"Malik Ito",false,support-seeker,4,general,0.52,0.38,0.28,0.08,0.10,0.40,0.97
200000000000000643,arctickettle42,"Arctic Kettle",false,lurker,4,general,0.34,0.43,0.29,0.29,0.05,0.15,0.32
200000000000000644,boldcobalt,"Bold Cobalt",false,casual,2,support,0.31,0.11,0.06,0.77,0.22,0.34,0.12
200000000000000645,lucid_tundra,"Lucid Tundra",false,support-seeker,4,general,0.55,0.21,0.46,0.12,0.04,0.60,1.00
200000000000000646,rapid_cinder,"Rapid Cinder",false,lurker,2,support,0.07,0.36,0.36,0.45,0.05,0.13,0.23
200000000000000647,amberkestrel,"Amber Kestrel",false,casual,3,general,0.46,0.17,0.18,0.65,0.15,0.51,0.25
200000000000000648,gladharbor68,"Glad Harbor",false,burnout,4,support,0.69,0.29,0.35,0.12,0.34,0.97,0.31
200000000000000649,keenferry,"Keen Ferry",false,casual,7,general,0.47,0.11,0.09,0.93,0.13,0.39,0.16
200000000000000650,frostpine20,"Frost Pine",false,contrarian,8,general,0.52,0.28,0.52,0.06,0.85,0.31,0.22
200000000000000651,bold_tundra37,"Bold Tundra",false,technical,6,general,0.71,0.44,0.80,0.13,0.00,0.24,0.24
200000000000000652,freyaokafor,"Freya Okafor",false,support-seeker,2,general,0.44,0.41,0.30,0.32,0.01,0.58,0.98
200000000000000653,jadetundra,"Jade Tundra",false,casual,6,general,0.34,0.08,0.13,0.66,0.04,0.46,0.22
200000000000000654,arctic_yarrow,"Arctic Yarrow",false,technical,6,general,0.81,0.43,0.86,0.05,0.12,0.18,0.38
200000000000000655,tidy_lantern,"Tidy Lantern",false,support-seeker,3,support,0.58,0.30,0.35,0.19,0.04,0.55,1.00
200000000000000656,tidyorchid,"Tidy Orchid",false,technical,3,general,0.65,0.49,0.98,0.00,0.15,0.19,0.21
200000000000000657,julesokafor,"Jules Okafor",false,technical,6,support,0.84,0.45,0.95,0.00,0.10,0.29,0.18
200000000000000658,lucidzephyr,"Lucid Zephyr",false,technical,9,support,0.80,0.59,0.91,0.09,0.00,0.21,0.38
200000000000000659,amber_quarry,"Amber Quarry",false,technical,2,support,0.57,0.60,0.94,0.21,0.08,0.21,0.22
200000000000000660,wryzephyr,"Wry Zephyr",false,contrarian,3,general,0.53,0.29,0.57,0.00,0.70,0.24,0.04
200000000000000661,swiftwren,"Swift Wren",false,casual,2,support,0.42,0.26,0.22,0.91,0.01,0.48,0.12
200000000000000662,gladthistle,"Glad Thistle",false,casual,3,general,0.32,0.09,0.16,0.71,0.09,0.38,0.18
200000000000000663,wrythistle60,"Wry Thistle",false,technical,3,general,0.85,0.47,0.95,0.13,0.15,0.27,0.32
200000000000000664,opalkettle98,"Opal Kettle",false,lurker,1,general,0.19,0.28,0.24,0.43,0.00,0.28,0.38
200000000000000665,frost_nettle,"Frost Nettle",false,casual,2,general,0.46,0.19,0.13,0.80,0.09,0.50,0.14
200000000000000666,lucid_cinder,"Lucid Cinder",false,contrarian,3,support,0.49,0.19,0.44,0.12,0.60,0.06,0.05
200000000000000667,idle_cinder64,"Idle Cinder",false,technical,30,general,0.76,0.48,0.78,0.06,0.04,0.12,0.44
200000000000000668,yukiw,"Yuki W",false,technical,4,general,0.75,0.40,0.88,0.07,0.14,0.16,0.22
200000000000000669,cassraman,"Cass Raman",false,burnout,4,support,0.69,0.27,0.35,0.06,0.15,0.89,0.44
200000000000000670,jadeanvil,"Jade Anvil",false,casual,3,general,0.20,0.28,0.17,0.67,0.00,0.26,0.25
200000000000000671,brunor,"Bruno R",false,casual,4,support,0.28,0.10,0.33,0.73,0.25,0.49,0.13
200000000000000672,faint_wren,"Faint Wren",false,contrarian,4,support,0.72,0.20,0.55,0.19,0.63,0.22,0.19
200000000000000673,rapidpine39,"Rapid Pine",false,technical,3,support,0.74,0.40,0.83,0.17,0.04,0.25,0.39
200000000000000674,umberpebble9,"Umber Pebble",false,casual,2,general,0.33,0.03,0.21,0.81,0.00,0.28,0.08
200000000000000675,ember_pebble50,"Ember Pebble",false,support-seeker,3,support,0.42,0.46,0.36,0.28,0.29,0.49,0.95
200000000000000676,rheanovak65,"Rhea Novak",false,casual,3,general,0.24,0.25,0.14,0.77,0.07,0.27,0.19
200000000000000677,umber_pine,"Umber Pine",false,lurker,2,general,0.14,0.36,0.43,0.20,0.11,0.17,0.36
200000000000000678,zestyreed,"Zesty Reed",false,contrarian,9,general,0.62,0.35,0.58,0.08,0.70,0.28,0.16
200000000000000679,plainthistle,"Plain Thistle",false,technical,7,general,0.79,0.44,0.89,0.08,0.12,0.34,0.34
200000000000000680,boldreed,"Bold Reed",false,technical,2,support,0.67,0.35,1.00,0.15,0.00,0.17,0.41
200000000000000681,pavelhaddad,"Pavel Haddad",false,casual,3,support,0.48,0.18,0.14,0.80,0.08,0.32,0.34
200000000000000682,quietkettle6,"Quiet Kettle",false,casual,3,support,0.26,0.20,0.22,0.79,0.15,0.55,0.15
200000000000000683,frostgable,"Frost Gable",false,support-seeker,6,general,0.36,0.29,0.47,0.29,0.11,0.43,0.91
200000000000000684,gladlantern67,"Glad Lantern",false,support-seeker,4,general,0.38,0.46,0.45,0.10,0.03,0.61,0.83
200000000000000685,plainpebble,"Plain Pebble",false,casual,3,support,0.23,0.15,0.15,0.86,0.17,0.27,0.12
200000000000000686,plainorchid,"Plain Orchid",false,lurker,1,general,0.05,0.35,0.40,0.34,0.23,0.14,0.31
200000000000000687,rust_meadow,"Rust Meadow",false,technical,9,support,0.62,0.50,1.00,0.19,0.18,0.15,0.30
200000000000000688,opalquarry61,"Opal Quarry",false,contrarian,4,general,0.54,0.31,0.52,0.03,0.86,0.34,0.25
200000000000000689,amberthistle,"Amber Thistle",false,contrarian,4,support,0.66,0.29,0.50,0.01,0.60,0.17,0.08
200000000000000690,glad_nettle58,"Glad Nettle",false,casual,6,general,0.43,0.05,0.14,0.72,0.15,0.45,0.09
200000000000000691,lenawhitfield,"Lena Whitfield",false,lurker,2,support,0.19,0.36,0.45,0.27,0.14,0.12,0.22
200000000000000692,zarakessler81,"Zara Kessler",false,burnout,1,general,0.43,0.39,0.45,0.11,0.20,0.82,0.41
200000000000000693,jade_pebble53,"Jade Pebble",false,support-seeker,9,general,0.63,0.37,0.30,0.16,0.05,0.45,1.00
200000000000000694,quiet_yarrow24,"Quiet Yarrow",false,technical,4,general,0.62,0.64,0.89,0.00,0.08,0.23,0.42
200000000000000695,zestyferry56,"Zesty Ferry",false,lurker,2,support,0.14,0.18,0.21,0.31,0.13,0.09,0.29
200000000000000696,lenaito16,"Lena Ito",false,lurker,3,general,0.34,0.36,0.25,0.33,0.12,0.25,0.41
200000000000000697,quiet_marlin,"Quiet Marlin",false,lurker,4,support,0.28,0.38,0.40,0.22,0.06,0.34,0.31
200000000000000698,elinlindqvist,"Elin Lindqvist",false,burnout,5,general,0.48,0.19,0.40,0.01,0.14,1.00,0.32
200000000000000699,omarkessler70,"Omar Kessler",false,burnout,4,support,0.64,0.17,0.39,0.02,0.05,0.87,0.54
200000000000000700,lucid_badger,"Lucid Badger",false,burnout,3,general,0.57,0.20,0.30,0.30,0.15,0.90,0.42
200000000000000701,vivid_harbor55,"Vivid Harbor",false,casual,4,support,0.36,0.04,0.13,0.69,0.20,0.28,0.10
200000000000000702,quietthistle,"Quiet Thistle",false,casual,6,general,0.34,0.11,0.33,0.75,0.15,0.55,0.20
200000000000000703,wrymeadow,"Wry Meadow",false,contrarian,8,general,0.56,0.24,0.55,0.00,0.79,0.10,0.11
200000000000000704,rustferry,"Rust Ferry",false,lurker,2,general,0.31,0.29,0.18,0.20,0.17,0.34,0.21
200000000000000705,wrylantern,"Wry Lantern",false,lurker,3,general,0.17,0.21,0.23,0.33,0.01,0.14,0.18
200000000000000706,bold_kettle,"Bold Kettle",false,casual,6,support,0.47,0.17,0.05,0.92,0.24,0.45,0.09
200000000000000707,nimblevellum18,"Nimble Vellum",false,contrarian,5,general,0.66,0.16,0.36,0.00,0.71,0.18,0.21
200000000000000708,mellowwillow41,"Mellow Willow",false,contrarian,11,general,0.74,0.39,0.40,0.24,0.80,0.17,0.12
200000000000000709,faintpebble8,"Faint Pebble",false,lurker,3,general,0.23,0.27,0.39,0.37,0.17,0.33,0.40
200000000000000710,hollowkettle,"Hollow Kettle",false,burnout,3,general,0.41,0.34,0.33,0.05,0.30,0.89,0.42
200000000000000711,pavelmoreau,"Pavel Moreau",false,lurker,4,general,0.34,0.16,0.21,0.34,0.18,0.27,0.30
200000000000000712,swift_harbor88,"Swift Harbor",false,casual,3,general,0.31,0.25,0.15,0.94,0.25,0.39,0.32
200000000000000713,cassw15,"Cass W",false,contrarian,2,support,0.73,0.15,0.56,0.04,0.85,0.10,0.19
200000000000000714,julesokafor80,"Jules Okafor",false,lurker,1,support,0.29,0.37,0.25,0.27,0.00,0.26,0.36
200000000000000715,keenkettle,"Keen Kettle",false,casual,4,general,0.47,0.16,0.33,0.88,0.18,0.32,0.28
200000000000000716,rustpine,"Rust Pine",false,lurker,2,general,0.32,0.38,0.43,0.24,0.19,0.06,0.40
200000000000000717,lenahaddad22,"Lena Haddad",false,casual,3,general,0.32,0.20,0.05,0.71,0.00,0.46,0.32
200000000000000718,amberjuniper,"Amber Juniper",false,casual,7,general,0.24,0.24,0.14,0.71,0.19,0.53,0.21
200000000000000719,vividjuniper,"Vivid Juniper",false,contrarian,3,support,0.48,0.35,0.60,0.25,0.74,0.18,0.00
200000000000000720,embergable34,"Ember Gable",false,lurker,2,general,0.28,0.39,0.38,0.28,0.23,0.22,0.39
200000000000000721,gladwillow,"Glad Willow",false,lurker,1,general,0.15,0.31,0.28,0.34,0.05,0.23,0.42
200000000000000722,inesmoreau,"Ines Moreau",false,casual,2,support,0.21,0.24,0.34,0.75,0.14,0.48,0.14
200000000000000723,tidy_summit,"Tidy Summit",false,technical,6,support,0.58,0.41,0.95,0.21,0.06,0.32,0.39
200000000000000724,glad_cobalt,"Glad Cobalt",false,casual,7,general,0.44,0.08,0.17,0.93,0.00,0.31,0.34
200000000000000725,freyapetrov,"Freya Petrov",false,casual,6,general,0.36,0.24,0.32,0.94,0.21,0.52,0.25
200000000000000726,dusk_vellum,"Dusk Vellum",false,casual,3,general,0.41,0.09,0.24,0.89,0.09,0.50,0.22
200000000000000727,slatewillow40,"Slate Willow",false,support-seeker,2,general,0.41,0.37,0.36,0.19,0.20,0.50,1.00
200000000000000728,dusk_juniper,"Dusk Juniper",false,casual,5,general,0.37,0.17,0.33,0.67,0.00,0.45,0.07
200000000000000729,embervellum6,"Ember Vellum",false,technical,9,support,0.69,0.50,0.87,0.00,0.09,0.14,0.28
200000000000000730,hollowferry,"Hollow Ferry",false,technical,4,support,0.68,0.39,0.85,0.18,0.04,0.14,0.21
200000000000000731,rustorchid,"Rust Orchid",false,casual,2,general,0.38,0.05,0.20,0.70,0.12,0.30,0.08
200000000000000732,plain_gable41,"Plain Gable",false,burnout,7,general,0.56,0.17,0.37,0.08,0.30,0.75,0.28
200000000000000733,zesty_tundra,"Zesty Tundra",false,technical,7,support,0.77,0.43,0.85,0.24,0.02,0.22,0.43
200000000000000734,hollowferry55,"Hollow Ferry",false,support-seeker,4,general,0.37,0.46,0.31,0.30,0.05,0.41,0.89
200000000000000735,keennettle48,"Keen Nettle",false,casual,5,general,0.37,0.00,0.07,0.79,0.11,0.38,0.32
200000000000000736,keen_zephyr,"Keen Zephyr",false,casual,4,support,0.31,0.25,0.32,0.82,0.06,0.51,0.09
200000000000000737,quiet_lantern,"Quiet Lantern",false,burnout,2,support,0.46,0.24,0.32,0.00,0.13,0.91,0.30
200000000000000738,frost_summit,"Frost Summit",false,casual,6,general,0.36,0.22,0.17,0.74,0.11,0.39,0.25
200000000000000739,keenlattice,"Keen Lattice",false,casual,6,support,0.36,0.17,0.24,0.88,0.08,0.38,0.10
200000000000000740,amberpine,"Amber Pine",false,casual,4,support,0.34,0.20,0.09,0.75,0.16,0.37,0.12
200000000000000741,lenar33,"Lena R",false,casual,1,general,0.21,0.08,0.19,0.73,0.17,0.44,0.16
200000000000000742,arcticjuniper,"Arctic Juniper",false,lurker,3,general,0.13,0.37,0.32,0.23,0.00,0.09,0.21
200000000000000743,swift_ferry,"Swift Ferry",false,casual,4,support,0.28,0.17,0.24,0.76,0.00,0.52,0.21
200000000000000744,tomasr,"Tomas R",false,support-seeker,4,general,0.60,0.40,0.45,0.30,0.23,0.43,0.90
200000000000000745,quiet_thistle,"Quiet Thistle",false,burnout,8,general,0.45,0.14,0.27,0.09,0.14,1.00,0.27
200000000000000746,calmwillow,"Calm Willow",false,casual,6,support,0.28,0.01,0.20,0.95,0.16,0.52,0.07
200000000000000747,rapidcobalt,"Rapid Cobalt",false,support-seeker,9,general,0.63,0.30,0.30,0.10,0.15,0.49,1.00
200000000000000748,swift_yarrow,"Swift Yarrow",false,casual,6,general,0.33,0.24,0.08,0.91,0.00,0.54,0.26
200000000000000749,dusk_nettle,"Dusk Nettle",false,lurker,4,general,0.34,0.33,0.31,0.17,0.12,0.27,0.21
200000000000000750,arcticnettle6,"Arctic Nettle",false,casual,6,support,0.27,0.30,0.12,0.74,0.07,0.42,0.11
200000000000000751,gladcinder,"Glad Cinder",false,burnout,4,general,0.57,0.34,0.35,0.21,0.31,0.88,0.43
200000000000000752,faintzephyr,"Faint Zephyr",false,technical,8,general,0.64,0.43,0.75,0.20,0.25,0.10,0.23
200000000000000753,yukir,"Yuki R",false,casual,6,support,0.24,0.12,0.29,0.70,0.19,0.45,0.10
200000000000000754,boldanvil9,"Bold Anvil",false,contrarian,5,support,0.52,0.37,0.56,0.04,0.72,0.32,0.18
200000000000000755,frostcinder,"Frost Cinder",false,technical,3,support,0.62,0.58,0.76,0.19,0.00,0.08,0.36
200000000000000756,gladkettle,"Glad Kettle",false,casual,2,support,0.47,0.12,0.07,0.69,0.02,0.55,0.23
200000000000000757,hanaberg,"Hana Berg",false,support-seeker,6,support,0.41,0.45,0.43,0.05,0.20,0.59,0.95
200000000000000758,brunoberg,"Bruno Berg",false,burnout,4,general,0.43,0.17,0.50,0.00,0.24,1.00,0.30
200000000000000759,yukipetrov19,"Yuki Petrov",false,support-seeker,3,general,0.59,0.32,0.32,0.32,0.17,0.41,0.80
200000000000000760,jadelantern52,"Jade Lantern",false,lurker,4,general,0.28,0.32,0.28,0.33,0.12,0.34,0.17
200000000000000761,calm_lattice,"Calm Lattice",false,casual,6,general,0.39,0.22,0.27,0.66,0.05,0.34,0.05
200000000000000762,slate_nettle,"Slate Nettle",false,technical,7,general,0.77,0.41,0.77,0.18,0.05,0.27,0.41
200000000000000763,rustgable,"Rust Gable",false,casual,4,support,0.24,0.16,0.34,0.77,0.02,0.38,0.18
200000000000000764,ember_kettle,"Ember Kettle",false,casual,2,support,0.22,0.13,0.21,0.68,0.17,0.48,0.35
200000000000000765,lucidtundra,"Lucid Tundra",false,technical,4,general,0.72,0.48,0.96,0.18,0.12,0.26,0.45
200000000000000766,brisk_vellum,"Brisk Vellum",false,casual,7,support,0.46,0.15,0.30,0.92,0.21,0.34,0.07
200000000000000767,taliakessler,"Talia Kessler",false,support-seeker,2,general,0.43,0.26,0.38,0.15,0.04,0.45,0.84
200000000000000768,zararaman69,"Zara Raman",false,casual,4,general,0.47,0.12,0.16,0.87,0.07,0.31,0.31
200000000000000769,cleverquarry59,"Clever Quarry",false,contrarian,6,general,0.55,0.32,0.44,0.11,0.84,0.33,0.07
200000000000000770,lenaokafor,"Lena Okafor",false,contrarian,7,support,0.45,0.17,0.49,0.07,0.86,0.18,0.00
200000000000000771,ember_harbor,"Ember Harbor",false,casual,21,general,0.24,0.05,0.35,0.75,0.00,0.44,0.21
200000000000000772,cleverquarry64,"Clever Quarry",false,burnout,2,support,0.55,0.38,0.39,0.26,0.20,1.00,0.40
200000000000000773,tidy_reed,"Tidy Reed",false,support-seeker,1,support,0.37,0.27,0.29,0.14,0.22,0.45,1.00
200000000000000774,calm_cinder69,"Calm Cinder",false,casual,3,general,0.29,0.05,0.19,0.76,0.11,0.36,0.11
200000000000000775,plaincobalt,"Plain Cobalt",false,lurker,2,general,0.21,0.22,0.28,0.21,0.04,0.32,0.20
200000000000000776,amber_kettle58,"Amber Kettle",false,burnout,3,general,0.61,0.11,0.49,0.02,0.22,1.00,0.48
200000000000000777,omarberg,"Omar Berg",false,lurker,3,general,0.29,0.25,0.37,0.35,0.10,0.33,0.35
200000000000000778,amberthistle18,"Amber Thistle",false,lurker,1,support,0.34,0.37,0.40,0.21,0.03,0.24,0.18
200000000000000779,nimble_meadow,"Nimble Meadow",false,contrarian,2,general,0.48,0.26,0.37,0.24,0.67,0.32,0.00
200000000000000780,swiftwillow,"Swift Willow",false,casual,4,general,0.24,0.11,0.30,0.92,0.00,0.48,0.31
200000000000000781,ravihaddad,"Ravi Haddad",false,technical,3,support,0.62,0.38,0.94,0.21,0.00,0.26,0.21
200000000000000782,zesty_juniper,"Zesty Juniper",false,casual,7,general,0.41,0.29,0.32,0.82,0.10,0.37,0.12
200000000000000783,rapidvellum95,"Rapid Vellum",false,support-seeker,3,general,0.48,0.30,0.42,0.09,0.13,0.65,1.00
200000000000000784,tidy_vellum,"Tidy Vellum",false,technical,4,support,0.66,0.64,1.00,0.18,0.23,0.33,0.34
200000000000000785,emberkestrel,"Ember Kestrel",false,lurker,1,general,0.21,0.20,0.20,0.18,0.06,0.07,0.27
200000000000000786,jade_cobalt42,"Jade Cobalt",false,lurker,2,general,0.14,0.38,0.40,0.33,0.16,0.22,0.27
200000000000000787,sampetrov,"Sam Petrov",false,casual,2,support,0.41,0.15,0.29,0.83,0.00,0.42,0.17
200000000000000788,mellowyarrow,"Mellow Yarrow",false,technical,10,support,0.59,0.43,0.89,0.23,0.00,0.28,0.37
200000000000000789,rustmarlin56,"Rust Marlin",false,lurker,1,general,0.05,0.16,0.44,0.33,0.09,0.25,0.38
200000000000000790,keen_kestrel,"Keen Kestrel",false,lurker,1,support,0.08,0.23,0.16,0.22,0.22,0.15,0.44
200000000000000791,omarmoreau,"Omar Moreau",false,contrarian,5,general,0.70,0.31,0.48,0.12,0.70,0.34,0.00
200000000000000792,opalwillow,"Opal Willow",false,casual,4,support,0.23,0.23,0.18,0.72,0.03,0.41,0.31
200000000000000793,idlekettle,"Idle Kettle",false,casual,22,support,0.31,0.19,0.29,0.81,0.13,0.36,0.26
200000000000000794,idlepebble,"Idle Pebble",false,technical,17,general,0.77,0.65,1.00,0.08,0.00,0.34,0.37
200000000000000795,lucid_nettle,"Lucid Nettle",false,casual,5,support,0.27,0.20,0.20,0.94,0.19,0.44,0.08
200000000000000796,zestyvellum,"Zesty Vellum",false,contrarian,36,general,0.74,0.15,0.51,0.08,0.72,0.28,0.23
200000000000000797,rapidpine,"Rapid Pine",false,casual,4,general,0.38,0.29,0.15,0.92,0.12,0.32,0.24
200000000000000798,slate_thistle14,"Slate Thistle",false,casual,2,general,0.50,0.24,0.08,0.86,0.07,0.32,0.33
200000000000000799,swiftbadger,"Swift Badger",false,technical,3,general,0.55,0.38,0.96,0.06,0.16,0.19,0.30
200000000000000800,lenahaddad,"Lena Haddad",false,burnout,5,general,0.64,0.26,0.48,0.26,0.28,0.93,0.36
200000000000000801,keenbadger,"Keen Badger",false,support-seeker,3,general,0.58,0.26,0.50,0.26,0.23,0.38,0.99
200000000000000802,julesmoreau,"Jules Moreau",false,lurker,3,general,0.11,0.39,0.17,0.39,0.19,0.33,0.39
200000000000000803,slateyarrow,"Slate Yarrow",false,burnout,2,general,0.43,0.39,0.43,0.15,0.05,0.89,0.36
200000000000000804,calmpine,"Calm Pine",false,casual,1,support,0.34,0.14,0.18,0.70,0.21,0.33,0.22
200000000000000805,umberwren,"Umber Wren",false,casual,2,support,0.42,0.20,0.06,0.92,0.00,0.28,0.05
200000000000000806,dusk_marlin,"Dusk Marlin",false,casual,3,general,0.28,0.26,0.22,0.72,0.17,0.47,0.27
200000000000000807,cassnovak,"Cass Novak",false,lurker,4,general,0.18,0.36,0.22,0.17,0.23,0.33,0.44
200000000000000808,frostquarry,"Frost Quarry",false,technical,4,support,0.69,0.45,0.86,0.20,0.11,0.33,0.19
200000000000000809,opalkettle67,"Opal Kettle",false,lurker,2,support,0.09,0.36,0.33,0.30,0.12,0.34,0.18
200000000000000810,freyakessler,"Freya Kessler",false,support-seeker,5,general,0.37,0.26,0.47,0.31,0.26,0.49,0.92
200000000000000811,yukir99,"Yuki R",false,contrarian,7,general,0.69,0.34,0.55,0.03,0.86,0.21,0.16
200000000000000812,freyanovak,"Freya Novak",false,contrarian,4,support,0.48,0.18,0.37,0.15,0.80,0.08,0.20
200000000000000813,ember_reed,"Ember Reed",false,lurker,2,general,0.14,0.31,0.33,0.26,0.07,0.17,0.44
200000000000000814,casscosta65,"Cass Costa",false,technical,4,support,0.81,0.55,0.86,0.06,0.15,0.25,0.28
200000000000000815,opalgable21,"Opal Gable",false,contrarian,4,general,0.48,0.29,0.49,0.16,0.65,0.25,0.16
200000000000000816,umberotter48,"Umber Otter",false,burnout,3,general,0.64,0.37,0.50,0.24,0.26,0.83,0.46
200000000000000817,gladpine,"Glad Pine",false,lurker,2,general,0.17,0.33,0.34,0.42,0.00,0.22,0.39
200000000000000818,wry_harbor48,"Wry Harbor",false,casual,6,general,0.32,0.26,0.26,0.78,0.08,0.29,0.29
200000000000000819,faintivory,"Faint Ivory",false,contrarian,7,general,0.46,0.34,0.53,0.14,0.85,0.32,0.12
200000000000000820,mellow_quarry,"Mellow Quarry",false,technical,5,support,0.65,0.36,0.81,0.10,0.08,0.29,0.41
200000000000000821,duskotter,"Dusk Otter",false,casual,1,general,0.36,0.18,0.17,0.70,0.07,0.41,0.22
200000000000000822,boldjuniper36,"Bold Juniper",false,lurker,2,general,0.21,0.32,0.37,0.32,0.03,0.15,0.44
200000000000000823,slate_orchid80,"Slate Orchid",false,casual,5,general,0.36,0.25,0.18,0.76,0.09,0.48,0.24
200000000000000824,arcticquarry89,"Arctic Quarry",false,lurker,2,general,0.15,0.42,0.37,0.43,0.24,0.15,0.36
200000000000000825,kestrelkessler,"Kestrel Kessler",false,contrarian,8,support,0.66,0.45,0.36,0.00,0.78,0.23,0.01
200000000000000826,rapid_thistle,"Rapid Thistle",false,casual,2,general,0.41,0.29,0.23,0.82,0.05,0.28,0.13
200000000000000827,hanakessler,"Hana Kessler",false,burnout,7,general,0.52,0.12,0.51,0.17,0.23,1.00,0.52
200000000000000828,umbermeadow,"Umber Meadow",false,burnout,5,general,0.69,0.34,0.40,0.03,0.09,0.91,0.37
200000000000000829,clevermarlin,"Clever Marlin",false,casual,2,general,0.37,0.07,0.13,0.80,0.12,0.29,0.21
200000000000000830,plainquarry65,"Plain Quarry",false,contrarian,2,general,0.68,0.31,0.61,0.00,0.61,0.24,0.07
200000000000000831,noorberg2,"Noor Berg",false,casual,6,general,0.32,0.28,0.28,0.73,0.04,0.27,0.17
200000000000000832,hollow_yarrow,"Hollow Yarrow",false,lurker,2,support,0.05,0.33,0.21,0.28,0.03,0.14,0.43
200000000000000833,faintmeadow,"Faint Meadow",false,contrarian,7,support,0.48,0.18,0.44,0.02,0.72,0.34,0.00
200000000000000834,vividkestrel35,"Vivid Kestrel",false,technical,8,support,0.66,0.60,0.99,0.18,0.17,0.08,0.23
200000000000000835,lucid_orchid12,"Lucid Orchid",false,technical,6,general,0.73,0.46,0.90,0.15,0.00,0.29,0.33
200000000000000836,omarlindqvist20,"Omar Lindqvist",false,contrarian,4,general,0.73,0.41,0.42,0.17,0.84,0.23,0.16
200000000000000837,lucidivory,"Lucid Ivory",false,lurker,1,general,0.19,0.43,0.22,0.25,0.03,0.30,0.37
200000000000000838,keen_lattice71,"Keen Lattice",false,support-seeker,6,general,0.40,0.30,0.20,0.18,0.20,0.39,0.86
200000000000000839,maraokafor10,"Mara Okafor",false,technical,4,general,0.70,0.55,0.79,0.00,0.07,0.14,0.27
200000000000000840,keen_ferry,"Keen Ferry",false,lurker,4,support,0.08,0.38,0.27,0.19,0.13,0.05,0.26
200000000000000841,rustzephyr54,"Rust Zephyr",false,lurker,4,general,0.06,0.24,0.18,0.26,0.04,0.18,0.23
200000000000000842,emberthistle,"Ember Thistle",false,lurker,1,general,0.26,0.19,0.24,0.25,0.13,0.21,0.42
200000000000000843,plain_quarry,"Plain Quarry",false,technical,4,general,0.80,0.42,0.76,0.15,0.10,0.07,0.37
200000000000000844,hanaito,"Hana Ito",false,lurker,1,general,0.31,0.19,0.17,0.28,0.00,0.06,0.37
200000000000000845,umber_ivory13,"Umber Ivory",false,technical,4,general,0.77,0.64,0.90,0.14,0.10,0.24,0.40
200000000000000846,arctic_reed,"Arctic Reed",false,burnout,7,support,0.42,0.26,0.52,0.15,0.21,0.86,0.26
200000000000000847,arcticthistle,"Arctic Thistle",false,burnout,11,general,0.45,0.22,0.34,0.19,0.18,0.92,0.48
200000000000000848,vividbadger37,"Vivid Badger",false,casual,4,general,0.21,0.26,0.30,0.67,0.07,0.27,0.27
200000000000000849,rheaokafor,"Rhea Okafor",false,support-seeker,7,general,0.37,0.37,0.32,0.20,0.24,0.47,0.84
200000000000000850,idle_kettle,"Idle Kettle",false,casual,1,general,0.26,0.15,0.17,0.68,0.00,0.25,0.05
200000000000000851,calmivory,"Calm Ivory",false,casual,1,general,0.34,0.01,0.12,0.83,0.02,0.26,0.14
200000000000000852,duskorchid,"Dusk Orchid",false,lurker,5,general,0.08,0.18,0.33,0.23,0.20,0.18,0.18
200000000000000853,ember_lattice,"Ember Lattice",false,lurker,1,general,0.34,0.37,0.39,0.44,0.04,0.27,0.34
200000000000000854,hollow_lattice,"Hollow Lattice",false,casual,5,general,0.35,0.04,0.14,0.89,0.00,0.46,0.26
200000000000000855,arcticbadger,"Arctic Badger",false,support-seeker,3,general,0.57,0.43,0.20,0.35,0.28,0.37,0.83
200000000000000856,quiet_vellum,"Quiet Vellum",false,casual,3,support,0.26,0.06,0.21,0.67,0.16,0.28,0.09
200000000000000857,rapidferry,"Rapid Ferry",false,casual,5,general,0.31,0.04,0.24,0.74,0.00,0.44,0.29
200000000000000858,samokafor,"Sam Okafor",false,technical,8,general,0.80,0.37,1.00,0.00,0.05,0.19,0.38
200000000000000859,ambermeadow,"Amber Meadow",false,lurker,2,support,0.26,0.34,0.45,0.29,0.08,0.17,0.41
200000000000000860,hollow_zephyr95,"Hollow Zephyr",false,technical,3,general,0.83,0.56,0.92,0.00,0.00,0.14,0.31
200000000000000861,swiftjuniper,"Swift Juniper",false,technical,5,general,0.79,0.50,0.95,0.15,0.10,0.16,0.22
200000000000000862,ineshaddad65,"Ines Haddad",false,casual,2,general,0.23,0.27,0.14,0.90,0.25,0.52,0.26
200000000000000863,lucid_pine,"Lucid Pine",false,technical,13,support,0.64,0.51,0.98,0.00,0.04,0.20,0.27
200000000000000864,theoraman,"Theo Raman",false,contrarian,6,general,0.51,0.16,0.48,0.25,0.64,0.14,0.10
200000000000000865,kestrelnovak,"Kestrel Novak",false,casual,4,general,0.23,0.11,0.14,0.67,0.19,0.33,0.29
200000000000000866,hollowivory,"Hollow Ivory",false,support-seeker,4,general,0.38,0.37,0.47,0.08,0.25,0.59,0.98
200000000000000867,swift_ferry42,"Swift Ferry",false,support-seeker,9,general,0.58,0.49,0.21,0.22,0.15,0.51,0.83
200000000000000868,duskvellum,"Dusk Vellum",false,burnout,4,support,0.59,0.10,0.35,0.24,0.24,0.81,0.47
200000000000000869,brisk_nettle,"Brisk Nettle",false,technical,4,general,0.60,0.61,0.93,0.07,0.05,0.24,0.43
200000000000000870,priyamoreau56,"Priya Moreau",false,casual,2,general,0.21,0.05,0.15,0.82,0.00,0.31,0.20
200000000000000871,wrybadger34,"Wry Badger",false,casual,4,support,0.39,0.28,0.31,0.83,0.01,0.42,0.17
200000000000000872,hollowmarlin,"Hollow Marlin",false,support-seeker,5,support,0.55,0.41,0.37,0.18,0.21,0.56,0.91
200000000000000873,quietyarrow,"Quiet Yarrow",false,technical,4,general,0.70,0.56,0.79,0.12,0.20,0.29,0.35
200000000000000874,tidy_reed73,"Tidy Reed",false,technical,4,general,0.60,0.35,0.96,0.20,0.00,0.20,0.19
200000000000000875,frost_zephyr,"Frost Zephyr",false,support-seeker,4,support,0.53,0.25,0.25,0.21,0.26,0.46,1.00
200000000000000876,rust_anvil,"Rust Anvil",false,lurker,1,general,0.24,0.38,0.30,0.23,0.25,0.27,0.34
200000000000000877,nimble_summit71,"Nimble Summit",false,casual,2,general,0.49,0.11,0.27,0.68,0.06,0.52,0.25
200000000000000878,taliaito78,"Talia Ito",false,burnout,4,general,0.64,0.10,0.30,0.14,0.19,0.77,0.32
200000000000000879,quiet_ferry,"Quiet Ferry",false,technical,5,support,0.75,0.62,0.85,0.00,0.16,0.32,0.23
200000000000000880,rheawhitfield,"Rhea Whitfield",false,casual,5,general,0.32,0.07,0.28,0.69,0.11,0.47,0.19
200000000000000881,idlemeadow,"Idle Meadow",false,contrarian,5,support,0.69,0.19,0.42,0.00,0.68,0.07,0.05
200000000000000882,ravisilva,"Ravi Silva",false,technical,6,general,0.59,0.35,0.98,0.00,0.00,0.17,0.35
200000000000000883,umberferry,"Umber Ferry",false,lurker,3,general,0.13,0.26,0.31,0.39,0.19,0.26,0.27
200000000000000884,umber_zephyr,"Umber Zephyr",false,casual,2,support,0.33,0.12,0.34,0.84,0.24,0.32,0.12
200000000000000885,arcticharbor,"Arctic Harbor",false,burnout,10,general,0.55,0.22,0.36,0.25,0.27,1.00,0.36
200000000000000886,faint_cobalt,"Faint Cobalt",false,support-seeker,3,support,0.40,0.24,0.27,0.09,0.05,0.39,0.93
200000000000000887,swiftcinder,"Swift Cinder",false,lurker,7,support,0.06,0.34,0.39,0.44,0.15,0.25,0.25
200000000000000888,amber_willow98,"Amber Willow",false,casual,2,support,0.34,0.15,0.15,0.71,0.21,0.34,0.09
200000000000000889,clever_pine,"Clever Pine",false,lurker,4,support,0.14,0.29,0.30,0.33,0.19,0.07,0.37
200000000000000890,clever_otter,"Clever Otter",false,casual,3,support,0.47,0.16,0.19,0.73,0.03,0.27,0.31
200000000000000891,zestywillow,"Zesty Willow",false,lurker,4,general,0.05,0.19,0.31,0.34,0.24,0.06,0.19
200000000000000892,arctic_thistle,"Arctic Thistle",false,lurker,1,general,0.07,0.22,0.25,0.38,0.01,0.06,0.38
200000000000000893,hollow_quarry,"Hollow Quarry",false,casual,2,support,0.21,0.30,0.17,0.69,0.21,0.49,0.26
200000000000000894,amberpebble74,"Amber Pebble",false,casual,4,general,0.29,0.03,0.06,0.81,0.20,0.40,0.08
200000000000000895,novanovak,"Nova Novak",false,contrarian,10,general,0.69,0.19,0.54,0.17,0.64,0.25,0.22
200000000000000896,nimbleyarrow,"Nimble Yarrow",false,lurker,3,support,0.23,0.19,0.17,0.42,0.04,0.19,0.43
200000000000000897,hollowsummit68,"Hollow Summit",false,lurker,2,general,0.07,0.30,0.17,0.18,0.04,0.06,0.42
200000000000000898,rustvellum,"Rust Vellum",false,casual,6,general,0.40,0.07,0.12,0.78,0.00,0.40,0.25
200000000000000899,rapidbadger,"Rapid Badger",false,support-seeker,3,general,0.43,0.27,0.42,0.25,0.28,0.43,0.95
200000000000000900,opalkettle,"Opal Kettle",false,casual,3,support,0.42,0.00,0.24,0.91,0.00,0.45,0.20
200000000000000901,idle_reed,"Idle Reed",false,casual,3,general,0.35,0.00,0.16,0.87,0.00,0.51,0.30
200000000000000902,gladreed64,"Glad Reed",false,technical,2,general,0.64,0.42,0.88,0.23,0.13,0.14,0.24
200000000000000903,kestrelw12,"Kestrel W",false,casual,4,general,0.23,0.19,0.28,0.66,0.00,0.40,0.14
200000000000000904,freyaraman31,"Freya Raman",false,casual,2,general,0.26,0.27,0.09,0.79,0.10,0.33,0.22
200000000000000905,umberlattice,"Umber Lattice",false,support-seeker,5,general,0.44,0.25,0.35,0.08,0.06,0.43,1.00
200000000000000906,tidyotter,"Tidy Otter",false,technical,8,support,0.82,0.40,1.00,0.00,0.17,0.17,0.28
200000000000000907,inesberg,"Ines Berg",false,contrarian,6,general,0.56,0.19,0.53,0.03,0.64,0.23,0.07
200000000000000908,casssilva,"Cass Silva",false,support-seeker,4,support,0.54,0.26,0.37,0.14,0.23,0.50,1.00
200000000000000909,vividthistle,"Vivid Thistle",false,technical,3,general,0.84,0.45,0.76,0.25,0.16,0.34,0.18
200000000000000910,novaw,"Nova W",false,casual,2,support,0.30,0.16,0.33,0.77,0.00,0.42,0.20
200000000000000911,lucidyarrow,"Lucid Yarrow",false,casual,1,general,0.21,0.23,0.15,0.65,0.17,0.47,0.16
200000000000000912,jadebadger,"Jade Badger",false,contrarian,3,support,0.46,0.40,0.39,0.00,0.90,0.31,0.15
200000000000000913,faintwren,"Faint Wren",false,burnout,9,general,0.69,0.30,0.46,0.01,0.16,1.00,0.28
200000000000000914,embertundra15,"Ember Tundra",false,casual,3,support,0.23,0.09,0.24,0.94,0.00,0.49,0.19
200000000000000915,slateivory,"Slate Ivory",false,contrarian,3,support,0.74,0.40,0.60,0.00,0.62,0.14,0.16
200000000000000916,lucid_ivory37,"Lucid Ivory",false,support-seeker,2,general,0.49,0.24,0.27,0.10,0.06,0.59,1.00
200000000000000917,keencinder,"Keen Cinder",false,casual,2,general,0.40,0.18,0.06,0.76,0.16,0.28,0.28
200000000000000918,zesty_cinder,"Zesty Cinder",false,support-seeker,4,general,0.42,0.26,0.23,0.19,0.28,0.57,0.82
200000000000000919,frostreed,"Frost Reed",false,contrarian,3,general,0.72,0.15,0.50,0.23,0.83,0.12,0.07
200000000000000920,inesito65,"Ines Ito",false,technical,5,general,0.74,0.62,0.91,0.14,0.16,0.11,0.38
200000000000000921,juleslindqvist53,"Jules Lindqvist",false,burnout,6,general,0.51,0.40,0.30,0.03,0.30,1.00,0.41
200000000000000922,ambersummit,"Amber Summit",false,lurker,3,general,0.24,0.34,0.31,0.40,0.00,0.05,0.37
200000000000000923,bold_willow,"Bold Willow",false,support-seeker,3,support,0.56,0.33,0.36,0.23,0.26,0.54,0.97
200000000000000924,ravipetrov,"Ravi Petrov",false,technical,3,general,0.73,0.45,0.78,0.17,0.05,0.17,0.29
200000000000000925,swift_zephyr,"Swift Zephyr",false,casual,2,general,0.22,0.12,0.30,0.82,0.18,0.32,0.33
200000000000000926,diegosilva67,"Diego Silva",false,casual,6,general,0.21,0.25,0.21,0.80,0.15,0.29,0.06
200000000000000927,slatejuniper13,"Slate Juniper",false,lurker,2,general,0.19,0.26,0.26,0.23,0.19,0.25,0.31
200000000000000928,gladferry,"Glad Ferry",false,casual,4,support,0.35,0.21,0.23,0.94,0.03,0.50,0.29
200000000000000929,keenotter67,"Keen Otter",false,support-seeker,5,support,0.64,0.36,0.30,0.16,0.05,0.48,0.96
200000000000000930,theosilva7,"Theo Silva",false,casual,3,general,0.33,0.19,0.26,0.73,0.19,0.30,0.33
200000000000000931,zarakessler,"Zara Kessler",false,casual,2,support,0.22,0.07,0.29,0.91,0.09,0.43,0.16
200000000000000932,frost_juniper,"Frost Juniper",false,contrarian,2,general,0.70,0.24,0.54,0.23,0.74,0.06,0.24
200000000000000933,brunocosta,"Bruno Costa",false,casual,6,general,0.38,0.14,0.06,0.74,0.21,0.54,0.28
200000000000000934,novahaddad,"Nova Haddad",false,lurker,2,general,0.33,0.20,0.22,0.19,0.01,0.33,0.17
200000000000000935,briskjuniper,"Brisk Juniper",false,burnout,4,general,0.54,0.24,0.39,0.24,0.07,1.00,0.41
200000000000000936,rapid_harbor,"Rapid Harbor",false,contrarian,3,support,0.56,0.31,0.36,0.05,0.61,0.22,0.20
200000000000000937,swiftivory,"Swift Ivory",false,support-seeker,3,support,0.50,0.28,0.46,0.27,0.27,0.39,0.99
200000000000000938,brisktundra42,"Brisk Tundra",false,casual,1,general,0.22,0.21,0.27,0.72,0.02,0.54,0.08
200000000000000939,noork,"Noor K",false,casual,4,general,0.30,0.11,0.17,0.65,0.25,0.49,0.18
200000000000000940,rustzephyr,"Rust Zephyr",false,lurker,7,general,0.08,0.24,0.34,0.22,0.11,0.18,0.20
200000000000000941,rapidreed,"Rapid Reed",false,burnout,10,general,0.44,0.28,0.41,0.13,0.16,0.81,0.35
200000000000000942,rusttundra,"Rust Tundra",false,lurker,4,general,0.08,0.34,0.18,0.24,0.24,0.21,0.29
200000000000000943,slatekettle,"Slate Kettle",false,casual,3,general,0.21,0.09,0.12,0.68,0.00,0.41,0.06
200000000000000944,calmzephyr,"Calm Zephyr",false,technical,9,general,0.60,0.62,0.99,0.16,0.24,0.16,0.31
200000000000000945,mellow_otter,"Mellow Otter",false,lurker,2,support,0.10,0.31,0.17,0.43,0.00,0.29,0.43
200000000000000946,novar,"Nova R",false,technical,7,general,0.65,0.56,0.91,0.08,0.07,0.22,0.24
200000000000000947,wry_wren26,"Wry Wren",false,support-seeker,2,general,0.45,0.35,0.33,0.22,0.08,0.61,0.81
200000000000000948,keen_lantern,"Keen Lantern",false,technical,4,support,0.83,0.45,0.89,0.05,0.04,0.13,0.34
200000000000000949,duskpebble81,"Dusk Pebble",false,technical,3,support,0.64,0.40,0.80,0.24,0.04,0.08,0.20
200000000000000950,bold_harbor3,"Bold Harbor",false,burnout,13,general,0.50,0.20,0.51,0.22,0.19,0.92,0.52
200000000000000951,yukiw79,"Yuki W",false,technical,14,general,0.83,0.36,1.00,0.10,0.23,0.32,0.19
200000000000000952,arctickestrel,"Arctic Kestrel",false,technical,7,general,0.57,0.39,1.00,0.00,0.00,0.05,0.44
200000000000000953,bold_gable,"Bold Gable",false,technical,16,support,0.70,0.45,0.83,0.07,0.17,0.09,0.43
200000000000000954,wrykettle,"Wry Kettle",false,technical,11,general,0.68,0.65,0.96,0.14,0.00,0.14,0.30
200000000000000955,faint_pebble,"Faint Pebble",false,support-seeker,9,general,0.65,0.35,0.44,0.14,0.19,0.58,0.87
200000000000000956,pavelpetrov,"Pavel Petrov",false,casual,6,general,0.22,0.11,0.34,0.74,0.20,0.29,0.25
200000000000000957,frostbadger37,"Frost Badger",false,casual,7,support,0.27,0.14,0.30,0.74,0.07,0.26,0.22
200000000000000958,clever_harbor23,"Clever Harbor",false,lurker,1,general,0.23,0.38,0.45,0.29,0.22,0.28,0.41
200000000000000959,yukiito50,"Yuki Ito",false,technical,6,general,0.64,0.59,0.92,0.00,0.14,0.14,0.43
200000000000000960,briskmeadow64,"Brisk Meadow",false,support-seeker,3,general,0.44,0.28,0.35,0.30,0.20,0.65,1.00
200000000000000961,glad_tundra,"Glad Tundra",false,casual,2,general,0.43,0.15,0.13,0.74,0.24,0.37,0.14
200000000000000962,nimble_wren24,"Nimble Wren",false,casual,5,support,0.37,0.21,0.06,0.79,0.16,0.52,0.29
200000000000000963,boldanvil,"Bold Anvil",false,casual,2,general,0.33,0.27,0.05,0.91,0.08,0.54,0.07
200000000000000964,novaito,"Nova Ito",false,casual,4,general,0.21,0.03,0.24,0.82,0.14,0.44,0.22
200000000000000965,ravitanaka,"Ravi Tanaka",false,lurker,2,support,0.29,0.37,0.27,0.35,0.17,0.28,0.19
200000000000000966,tidylattice52,"Tidy Lattice",false,burnout,12,general,0.52,0.38,0.42,0.04,0.15,0.98,0.41
200000000000000967,freyawhitfield,"Freya Whitfield",false,technical,3,general,0.68,0.48,0.98,0.06,0.05,0.08,0.24
200000000000000968,brisk_otter,"Brisk Otter",false,technical,6,general,0.81,0.44,0.86,0.23,0.10,0.07,0.26
200000000000000969,cassberg7,"Cass Berg",false,technical,12,general,0.80,0.60,0.87,0.09,0.00,0.33,0.15
200000000000000970,idlekettle38,"Idle Kettle",false,contrarian,14,general,0.65,0.27,0.44,0.01,0.66,0.06,0.07
200000000000000971,clever_wren,"Clever Wren",false,technical,11,general,0.75,0.56,0.77,0.16,0.07,0.14,0.39
200000000000000972,jadeivory,"Jade Ivory",false,casual,4,support,0.49,0.17,0.34,0.69,0.15,0.45,0.28
200000000000000973,plain_tundra,"Plain Tundra",false,lurker,1,general,0.06,0.28,0.25,0.28,0.10,0.28,0.19
200000000000000974,frostotter26,"Frost Otter",false,casual,3,general,0.22,0.11,0.20,0.67,0.00,0.28,0.07
200000000000000975,wrysummit,"Wry Summit",false,lurker,1,general,0.12,0.30,0.41,0.31,0.21,0.27,0.21
200000000000000976,calmharbor,"Calm Harbor",false,technical,4,general,0.64,0.60,0.89,0.00,0.16,0.32,0.42
200000000000000977,arctic_quarry,"Arctic Quarry",false,contrarian,5,support,0.70,0.25,0.59,0.13,0.86,0.33,0.24
200000000000000978,faintvellum,"Faint Vellum",false,support-seeker,6,support,0.59,0.37,0.30,0.08,0.28,0.41,0.98
200000000000000979,wryharbor,"Wry Harbor",false,casual,4,support,0.45,0.14,0.25,0.90,0.09,0.25,0.33
200000000000000980,tomassilva,"Tomas Silva",false,casual,7,support,0.36,0.02,0.26,0.77,0.09,0.41,0.18
200000000000000981,samnovak,"Sam Novak",false,casual,7,general,0.44,0.24,0.30,0.69,0.07,0.26,0.24
200000000000000982,swift_lattice,"Swift Lattice",false,burnout,4,general,0.40,0.26,0.38,0.02,0.28,0.87,0.51
200000000000000983,lucidotter,"Lucid Otter",false,casual,4,general,0.39,0.10,0.32,0.80,0.00,0.28,0.15
200000000000000984,hollowzephyr,"Hollow Zephyr",false,technical,4,general,0.64,0.44,0.98,0.12,0.13,0.07,0.45
200000000000000985,opal_harbor,"Opal Harbor",false,support-seeker,4,support,0.55,0.37,0.26,0.22,0.29,0.57,0.96
200000000000000986,keen_pine,"Keen Pine",false,support-seeker,4,general,0.47,0.23,0.35,0.24,0.05,0.50,0.84
200000000000000987,tomasokafor,"Tomas Okafor",false,casual,4,general,0.30,0.29,0.17,0.87,0.16,0.37,0.08
200000000000000988,briskvellum,"Brisk Vellum",false,casual,1,general,0.30,0.28,0.26,0.82,0.21,0.31,0.13
200000000000000989,hanasilva12,"Hana Silva",false,casual,3,general,0.23,0.07,0.07,0.71,0.07,0.32,0.15
200000000000000990,lucid_zephyr34,"Lucid Zephyr",false,casual,4,general,0.22,0.24,0.29,0.94,0.07,0.28,0.13
200000000000000991,zestylattice,"Zesty Lattice",false,burnout,7,general,0.66,0.34,0.36,0.13,0.14,0.96,0.49
200000000000000992,vividotter,"Vivid Otter",false,lurker,1,support,0.20,0.35,0.35,0.15,0.11,0.27,0.31
200000000000000993,rapid_anvil,"Rapid Anvil",false,lurker,2,general,0.10,0.27,0.20,0.44,0.15,0.06,0.39
200000000000000994,vividwren60,"Vivid Wren",false,support-seeker,3,support,0.43,0.43,0.22,0.24,0.11,0.50,0.89
200000000000000995,tomastanaka31,"Tomas Tanaka",false,technical,3,general,0.56,0.36,0.88,0.16,0.23,0.34,0.22
200000000000000996,priyalindqvist,"Priya Lindqvist",false,lurker,2,general,0.12,0.23,0.26,0.17,0.13,0.10,0.18
200000000000000997,theokessler,"Theo Kessler",false,support-seeker,5,general,0.36,0.30,0.46,0.10,0.22,0.52,1.00
200000000000000998,slate_ivory,"Slate Ivory",false,casual,3,support,0.20,0.07,0.27,0.79,0.03,0.42,0.19
200000000000000999,mellowreed66,"Mellow Reed",false,lurker,1,general,0.18,0.21,0.26,0.40,0.00,0.10,0.22
100000000000000000,tinytools,"Tinytools",true,bot:deploy,8,dev,,,,,,,
100000000000000001,mimir,"Mimir",true,bot:welcome,2,general,,,,,,,
100000000000000002,pipeline-owl,"Pipeline Owl",true,bot:modlog,17,mod-log,,,,,,,
100000000000000003,ci-runner,"Ci Runner",true,bot:alert,2,support,,,,,,,
100000000000000004,deploybot,"Deploybot",true,bot:faq,6,bot-spam,,,,,,,
100000000000000005,modwatch,"Modwatch",true,bot:reminder,8,bot-spam,,,,,,,
100000000000000006,sentinel,"Sentinel",true,bot:poll,6,general,,,,,,,
100000000000000007,keeper,"Keeper",true,bot:promo,2,off-topic,,,,,,,
100000000000000008,pulse,"Pulse",true,bot:digest,2,general,,,,,,,
100000000000000009,relay,"Relay",true,bot:deploy,5,bot-spam,,,,,,,
100000000000000010,beacon,"Beacon",true,bot:welcome,2,general,,,,,,,
100000000000000011,warden,"Warden",true,bot:modlog,19,mod-log,,,,,,,
100000000000000012,ledger,"Ledger",true,bot:alert,7,bot-spam,,,,,,,
100000000000000013,quill,"Quill",true,bot:faq,4,bot-spam,,,,,,,
100000000000000014,harborwatch,"Harborwatch",true,bot:reminder,9,off-topic,,,,,,,
100000000000000015,lumen,"Lumen",true,bot:poll,1,off-topic,,,,,,,
100000000000000016,orbit,"Orbit",true,bot:promo,6,off-topic,,,,,,,
100000000000000017,grapevine,"Grapevine",true,bot:digest,6,general,,,,,,,
100000000000000018,tally,"Tally",true,bot:deploy,14,announcements,,,,,,,
100000000000000019,abacus,"Abacus",true,bot:welcome,1,introductions,,,,,,,
100000000000000020,stripe,"Stripe",true,bot:modlog,14,general,,,,,,,
100000000000000021,github,"Github",true,bot:alert,10,dev,,,,,,,
100000000000000022,sentry-sidekick,"Sentry Sidekick",true,bot:faq,2,support,,,,,,,
100000000000000023,statuspage,"Statuspage",true,bot:reminder,6,bot-spam,,,,,,,
100000000000000024,uptime-fox,"Uptime Fox",true,bot:poll,2,off-topic,,,,,,,
100000000000000025,pollmaster,"Pollmaster",true,bot:promo,2,general,,,,,,,
100000000000000026,remindme,"Remindme",true,bot:digest,10,announcements,,,,,,,
100000000000000027,linkfixer,"Linkfixer",true,bot:deploy,17,announcements,,,,,,,
100000000000000028,antiraid,"Antiraid",true,bot:welcome,1,introductions,,,,,,,
100000000000000029,welcomer,"Welcomer",true,bot:modlog,17,general,,,,,,,
100000000000000030,tinytools-2,"Tinytools 2",true,bot:alert,8,bot-spam,,,,,,,
100000000000000031,mimir-2,"Mimir 2",true,bot:faq,5,bot-spam,,,,,,,
100000000000000032,pipeline-owl-2,"Pipeline Owl 2",true,bot:reminder,4,general,,,,,,,
100000000000000033,ci-runner-2,"Ci Runner 2",true,bot:poll,3,bot-spam,,,,,,,
100000000000000034,deploybot-2,"Deploybot 2",true,bot:promo,9,off-topic,,,,,,,
100000000000000035,modwatch-2,"Modwatch 2",true,bot:digest,5,announcements,,,,,,,
100000000000000036,sentinel-2,"Sentinel 2",true,bot:deploy,8,bot-spam,,,,,,,
100000000000000037,keeper-2,"Keeper 2",true,bot:welcome,1,introductions,,,,,,,
100000000000000038,pulse-2,"Pulse 2",true,bot:modlog,21,general,,,,,,,
100000000000000039,relay-2,"Relay 2",true,bot:alert,2,support,,,,,,,
100000000000000040,beacon-2,"Beacon 2",true,bot:faq,9,bot-spam,,,,,,,
100000000000000041,warden-2,"Warden 2",true,bot:reminder,2,off-topic,,,,,,,
100000000000000042,ledger-2,"Ledger 2",true,bot:poll,5,bot-spam,,,,,,,
100000000000000043,quill-2,"Quill 2",true,bot:promo,8,general,,,,,,,
100000000000000044,harborwatch-2,"Harborwatch 2",true,bot:digest,10,general,,,,,,,
100000000000000045,lumen-2,"Lumen 2",true,bot:deploy,9,announcements,,,,,,,
100000000000000046,orbit-sync-2,"Orbit Sync 2",true,bot:welcome,1,introductions,,,,,,,
100000000000000047,grapevine-2,"Grapevine 2",true,bot:modlog,21,general,,,,,,,
100000000000000048,tally-2,"Tally 2",true,bot:alert,12,bot-spam,,,,,,,
100000000000000049,abacus-2,"Abacus 2",true,bot:faq,4,support,,,,,,,
100000000000000050,stripe-alerts-2,"Stripe Alerts 2",true,bot:reminder,2,off-topic,,,,,,,
100000000000000051,github-hook-2,"Github Hook 2",true,bot:poll,7,general,,,,,,,
100000000000000052,sentry-sidekick-2,"Sentry Sidekick 2",true,bot:promo,5,general,,,,,,,
100000000000000053,statuspage-2,"Statuspage 2",true,bot:digest,8,bot-spam,,,,,,,
100000000000000054,uptime-fox-2,"Uptime Fox 2",true,bot:deploy,7,bot-spam,,,,,,,
100000000000000055,pollmaster-2,"Pollmaster 2",true,bot:welcome,2,general,,,,,,,
100000000000000056,remindme-2,"Remindme 2",true,bot:modlog,21,general,,,,,,,
100000000000000057,linkfixer-2,"Linkfixer 2",true,bot:alert,12,bot-spam,,,,,,,
100000000000000058,antiraid-2,"Antiraid 2",true,bot:faq,6,support,,,,,,,
100000000000000059,welcomer-2,"Welcomer 2",true,bot:reminder,2,off-topic,,,,,,,
100000000000000060,tinytools-3,"Tinytools 3",true,bot:poll,5,general,,,,,,,
100000000000000061,mimir-3,"Mimir 3",true,bot:promo,4,bot-spam,,,,,,,
100000000000000062,pipeline-owl-3,"Pipeline Owl 3",true,bot:digest,4,bot-spam,,,,,,,
100000000000000063,ci-runner-3,"Ci Runner 3",true,bot:deploy,5,bot-spam,,,,,,,
100000000000000064,deploybot-3,"Deploybot 3",true,bot:welcome,1,general,,,,,,,
100000000000000065,modwatch-3,"Modwatch 3",true,bot:modlog,17,mod-log,,,,,,,
100000000000000066,sentinel-3,"Sentinel 3",true,bot:alert,10,bot-spam,,,,,,,
100000000000000067,keeper-3,"Keeper 3",true,bot:faq,1,support,,,,,,,
100000000000000068,pulse-3,"Pulse 3",true,bot:reminder,9,general,,,,,,,
100000000000000069,relay-3,"Relay 3",true,bot:poll,1,general,,,,,,,
100000000000000070,beacon-3,"Beacon 3",true,bot:promo,4,bot-spam,,,,,,,
100000000000000071,warden-3,"Warden 3",true,bot:digest,8,general,,,,,,,
100000000000000072,ledger-3,"Ledger 3",true,bot:deploy,8,bot-spam,,,,,,,
100000000000000073,quill-3,"Quill 3",true,bot:welcome,2,general,,,,,,,
100000000000000074,harborwatch-3,"Harborwatch 3",true,bot:modlog,8,mod-log,,,,,,,
100000000000000075,lumen-3,"Lumen 3",true,bot:alert,7,bot-spam,,,,,,,
100000000000000076,orbit-sync-3,"Orbit Sync 3",true,bot:faq,1,support,,,,,,,
100000000000000077,grapevine-3,"Grapevine 3",true,bot:reminder,10,bot-spam,,,,,,,
100000000000000078,tally-3,"Tally 3",true,bot:poll,4,off-topic,,,,,,,
100000000000000079,abacus-3,"Abacus 3",true,bot:promo,4,bot-spam,,,,,,,
100000000000000080,stripe-alerts-3,"Stripe Alerts 3",true,bot:digest,4,bot-spam,,,,,,,
100000000000000081,github-hook-3,"Github Hook 3",true,bot:deploy,2,announcements,,,,,,,
100000000000000082,sentry-sidekick-3,"Sentry Sidekick 3",true,bot:welcome,1,introductions,,,,,,,
100000000000000083,statuspage-3,"Statuspage 3",true,bot:modlog,19,mod-log,,,,,,,
100000000000000084,uptime-fox-3,"Uptime Fox 3",true,bot:alert,7,dev,,,,,,,
100000000000000085,pollmaster-3,"Pollmaster 3",true,bot:faq,10,support,,,,,,,
100000000000000086,remindme-3,"Remindme 3",true,bot:reminder,7,bot-spam,,,,,,,
100000000000000087,linkfixer-3,"Linkfixer 3",true,bot:poll,5,off-topic,,,,,,,
100000000000000088,antiraid-3,"Antiraid 3",true,bot:promo,11,off-topic,,,,,,,
100000000000000089,welcomer-3,"Welcomer 3",true,bot:digest,14,announcements,,,,,,,
100000000000000090,tinytools-4,"Tinytools 4",true,bot:deploy,6,dev,,,,,,,
100000000000000091,mimir-4,"Mimir 4",true,bot:welcome,1,introductions,,,,,,,
100000000000000092,pipeline-owl-4,"Pipeline Owl 4",true,bot:modlog,17,general,,,,,,,
100000000000000093,ci-runner-4,"Ci Runner 4",true,bot:alert,10,support,,,,,,,
100000000000000094,deploybot-4,"Deploybot 4",true,bot:faq,6,bot-spam,,,,,,,
100000000000000095,modwatch-4,"Modwatch 4",true,bot:reminder,7,bot-spam,,,,,,,
100000000000000096,sentinel-4,"Sentinel 4",true,bot:poll,8,general,,,,,,,
100000000000000097,keeper-4,"Keeper 4",true,bot:promo,1,general,,,,,,,
100000000000000098,pulse-4,"Pulse 4",true,bot:digest,4,bot-spam,,,,,,,
100000000000000099,relay-4,"Relay 4",true,bot:deploy,3,dev,,,,,,,
